========================================================================================================
[1/15] Syncing repositories & preparing detection tools...
========================================================================================================
[*] Updating repository `https://repo-de.voidlinux.org/current/x86_64-repodata' ...
[*] Updating repository `https://repo-de.voidlinux.org/current/x86_64-repodata' ...
1 package will be downloaded:

  virt-what-1.27_1 
1 package will be installed:

  virt-what-1.27_1 

Size to download:               11KB
Size required on disk:          44KB
Space available on disk:        30GB


[*] Downloading packages
virt-what-1.27_1.x86_64.xbps.sig2: [512B 100%] 2183KB/s ETA: 00m00s
virt-what-1.27_1.x86_64.xbps.sig2: 512B [avg rate: 2183KB/s]
virt-what-1.27_1.x86_64.xbps: [11KB 36%] 91MB/s ETA: 00m00s
virt-what-1.27_1.x86_64.xbps: 11KB [avg rate: 246MB/s]
virt-what-1.27_1: verifying RSA signature...

[*] Collecting package files
virt-what-1.27_1: collecting files...

[*] Unpacking packages
virt-what-1.27_1: unpacking ...

[*] Configuring unpacked packages
virt-what-1.27_1: configuring ...
virt-what-1.27_1: installed successfully.

1 downloaded, 1 installed, 0 updated, 1 configured, 0 removed, 0 on hold.
========================================================================================================
[2/15] VMware detected! Installing VMware Tools...
========================================================================================================
[*] Updating repository `https://repo-de.voidlinux.org/current/x86_64-repodata' ...
79 packages will be downloaded:

  glib-2.88.0_1 
  atk-2.56.5_1 
  libsigc++-2.12.1_1 
  glibmm-2.66.8_1 
  atkmm-2.28.3_1 
  libpng-1.6.58_1 
  brotli-1.2.0_2 
  freetype-2.14.3_1 
  fontconfig-2.17.1_1 
  libXau-1.0.12_2 
  libXdmcp-1.1.5_1 
  libxcb-1.17.0_1 
  libX11-1.8.13_1 
  libXext-1.3.7_1 
  libXrender-0.9.12_1 
  pixman-0.46.4_1 
  cairo-1.18.4_2 
  cairomm-1.14.6_1 
  libxml2-2.13.8_3 
  shared-mime-info-2.4_2 
  libjpeg-turbo-3.1.4.1_1 
  libsharpyuv-1.6.0_3 
  libwebp-1.6.0_3 
  jbigkit-libs-2.2_2 
  tiff-4.7.1_2 
  gdk-pixbuf-2.42.12_2 
  gtk-update-icon-cache-3.24.52_1 
  libdav1d-1.5.3_1 
  fribidi-1.0.16_1 
  libdatrie-0.2.14_1 
  libthai-0.1.29_1 
  graphite-1.3.14_1 
  libharfbuzz-14.4.0_1 
  pango-1.56.3_2 
  librsvg-2.59.2_2 
  adwaita-icon-theme-49.0_1 
  dbus-x11-1.16.2_2 
  libXcomposite-0.4.7_2 
  libXfixes-6.0.2_1 
  libXcursor-1.2.3_2 
  libXdamage-1.1.7_1 
  libXi-1.8.3_1 
  libXinerama-1.1.6_1 
  libXrandr-1.5.5_1 
  libXtst-1.2.5_2 
  at-spi2-core-2.56.5_1 
  at-spi2-atk-2.56.5_1 
  lcms2-2.19.1_1 
  json-glib-1.10.8_1 
  libgusb-0.4.9_1 
  libcolord-1.4.7_1 
  avahi-libs-0.8_2 
  libcups-2.4.19_1 
  libepoxy-1.5.10_1 
  wayland-1.26.0_1 
  libxkbfile-1.1.3_1 
  xkbcomp-1.5.0_1 
  xkeyboard-config-2.48_1 
  libxkbcommon-1.13.2_1 
  gtk+3-3.24.52_1 
  pangomm-2.46.2_1 
  gtkmm-3.24.8_1 
  libpciaccess-0.19_1 
  libdrm-2.4.134_1 
  libmspack-0.10.1alpha_1 
  libtirpc-1.3.7_2 
  open-vm-tools-12.3.0_3 
  mesa-vaapi-26.1.8_1 
  libglvnd-1.7.0_1 
  libXxf86vm-1.1.6_2 
  libz3-5.1.0_1 
  libllvm21-21.1.7_1 
  libsensors-3.6.0_2 
  libxshmfence-1.3.3_2 
  mesa-libgallium-26.1.8_1 
  libgbm-26.1.8_1 
  mesa-26.1.8_1 
  mesa-dri-26.1.8_1 
  mesa-vmwgfx-dri-26.1.8_1 
79 packages will be installed:

  glib-2.88.0_1 
  atk-2.56.5_1 
  libsigc++-2.12.1_1 
  glibmm-2.66.8_1 
  atkmm-2.28.3_1 
  libpng-1.6.58_1 
  brotli-1.2.0_2 
  freetype-2.14.3_1 
  fontconfig-2.17.1_1 
  libXau-1.0.12_2 
  libXdmcp-1.1.5_1 
  libxcb-1.17.0_1 
  libX11-1.8.13_1 
  libXext-1.3.7_1 
  libXrender-0.9.12_1 
  pixman-0.46.4_1 
  cairo-1.18.4_2 
  cairomm-1.14.6_1 
  libxml2-2.13.8_3 
  shared-mime-info-2.4_2 
  libjpeg-turbo-3.1.4.1_1 
  libsharpyuv-1.6.0_3 
  libwebp-1.6.0_3 
  jbigkit-libs-2.2_2 
  tiff-4.7.1_2 
  gdk-pixbuf-2.42.12_2 
  gtk-update-icon-cache-3.24.52_1 
  libdav1d-1.5.3_1 
  fribidi-1.0.16_1 
  libdatrie-0.2.14_1 
  libthai-0.1.29_1 
  graphite-1.3.14_1 
  libharfbuzz-14.4.0_1 
  pango-1.56.3_2 
  librsvg-2.59.2_2 
  adwaita-icon-theme-49.0_1 
  dbus-x11-1.16.2_2 
  libXcomposite-0.4.7_2 
  libXfixes-6.0.2_1 
  libXcursor-1.2.3_2 
  libXdamage-1.1.7_1 
  libXi-1.8.3_1 
  libXinerama-1.1.6_1 
  libXrandr-1.5.5_1 
  libXtst-1.2.5_2 
  at-spi2-core-2.56.5_1 
  at-spi2-atk-2.56.5_1 
  lcms2-2.19.1_1 
  json-glib-1.10.8_1 
  libgusb-0.4.9_1 
  libcolord-1.4.7_1 
  avahi-libs-0.8_2 
  libcups-2.4.19_1 
  libepoxy-1.5.10_1 
  wayland-1.26.0_1 
  libxkbfile-1.1.3_1 
  xkbcomp-1.5.0_1 
  xkeyboard-config-2.48_1 
  libxkbcommon-1.13.2_1 
  gtk+3-3.24.52_1 
  pangomm-2.46.2_1 
  gtkmm-3.24.8_1 
  libpciaccess-0.19_1 
  libdrm-2.4.134_1 
  libmspack-0.10.1alpha_1 
  libtirpc-1.3.7_2 
  open-vm-tools-12.3.0_3 
  mesa-vaapi-26.1.8_1 
  libglvnd-1.7.0_1 
  libXxf86vm-1.1.6_2 
  libz3-5.1.0_1 
  libllvm21-21.1.7_1 
  libsensors-3.6.0_2 
  libxshmfence-1.3.3_2 
  mesa-libgallium-26.1.8_1 
  libgbm-26.1.8_1 
  mesa-26.1.8_1 
  mesa-dri-26.1.8_1 
  mesa-vmwgfx-dri-26.1.8_1 

Size to download:               90MB
Size required on disk:         347MB
Space available on disk:        30GB


[*] Downloading packages
glib-2.88.0_1.x86_64.xbps.sig2: [512B 100%] -- stalled -- ETA: 00m00s
glib-2.88.0_1.x86_64.xbps.sig2: 512B [avg rate: -- stalled --]
glib-2.88.0_1.x86_64.xbps: [3425KB 0%] 95MB/s ETA: 00m00s
glib-2.88.0_1.x86_64.xbps: 3425KB [avg rate: 80GB/s]
glib-2.88.0_1: verifying RSA signature...
atk-2.56.5_1.x86_64.xbps.sig2: [512B 100%] 17MB/s ETA: 00m00s
atk-2.56.5_1.x86_64.xbps.sig2: 512B [avg rate: 17MB/s]
atk-2.56.5_1.x86_64.xbps: [71KB 5%] 95MB/s ETA: 00m00s
atk-2.56.5_1.x86_64.xbps: 71KB [avg rate: 1687MB/s]
atk-2.56.5_1: verifying RSA signature...
libsigc++-2.12.1_1.x86_64.xbps.sig2: [512B 100%] 18MB/s ETA: 00m00s
libsigc++-2.12.1_1.x86_64.xbps.sig2: 512B [avg rate: 18MB/s]
libsigc++-2.12.1_1.x86_64.xbps: [9.9KB 40%] 93MB/s ETA: 00m00s
libsigc++-2.12.1_1.x86_64.xbps: 9.9KB [avg rate: 231MB/s]
libsigc++-2.12.1_1: verifying RSA signature...
glibmm-2.66.8_1.x86_64.xbps.sig2: [512B 100%] 21MB/s ETA: 00m00s
glibmm-2.66.8_1.x86_64.xbps.sig2: 512B [avg rate: 21MB/s]
glibmm-2.66.8_1.x86_64.xbps: [670KB 0%] 95MB/s ETA: 00m00s
glibmm-2.66.8_1.x86_64.xbps: 670KB [avg rate: 16GB/s]
glibmm-2.66.8_1: verifying RSA signature...
atkmm-2.28.3_1.x86_64.xbps.sig2: [512B 100%] 20MB/s ETA: 00m00s
atkmm-2.28.3_1.x86_64.xbps.sig2: 512B [avg rate: 20MB/s]
atkmm-2.28.3_1.x86_64.xbps: [80KB 4%] 93MB/s ETA: 00m00s
atkmm-2.28.3_1.x86_64.xbps: 80KB [avg rate: 1867MB/s]
atkmm-2.28.3_1: verifying RSA signature...
libpng-1.6.58_1.x86_64.xbps.sig2: [512B 100%] 21MB/s ETA: 00m00s
libpng-1.6.58_1.x86_64.xbps.sig2: 512B [avg rate: 21MB/s]
libpng-1.6.58_1.x86_64.xbps: [114KB 3%] 72MB/s ETA: 00m00s
libpng-1.6.58_1.x86_64.xbps: 114KB [avg rate: 2066MB/s]
libpng-1.6.58_1: verifying RSA signature...
brotli-1.2.0_2.x86_64.xbps.sig2: [512B 100%] 20MB/s ETA: 00m00s
brotli-1.2.0_2.x86_64.xbps.sig2: 512B [avg rate: 20MB/s]
brotli-1.2.0_2.x86_64.xbps: [397KB 1%] 91MB/s ETA: 00m00s
brotli-1.2.0_2.x86_64.xbps: [397KB 4%] 47MB/s ETA: 00m23s
brotli-1.2.0_2.x86_64.xbps: 397KB [avg rate: 1163MB/s]
brotli-1.2.0_2: verifying RSA signature...
freetype-2.14.3_1.x86_64.xbps.sig2: [512B 100%] 20MB/s ETA: 00m00s
freetype-2.14.3_1.x86_64.xbps.sig2: 512B [avg rate: 20MB/s]
freetype-2.14.3_1.x86_64.xbps: [391KB 1%] 35MB/s ETA: 00m00s
freetype-2.14.3_1.x86_64.xbps: 391KB [avg rate: 3439MB/s]
freetype-2.14.3_1: verifying RSA signature...
fontconfig-2.17.1_1.x86_64.xbps.sig2: [512B 100%] 3247KB/s ETA: 00m00s
fontconfig-2.17.1_1.x86_64.xbps.sig2: 512B [avg rate: 3247KB/s]
fontconfig-2.17.1_1.x86_64.xbps: [196KB 2%] 98MB/s ETA: 00m00s
fontconfig-2.17.1_1.x86_64.xbps: 196KB [avg rate: 4797MB/s]
fontconfig-2.17.1_1: verifying RSA signature...
libXau-1.0.12_2.x86_64.xbps.sig2: [512B 100%] 19MB/s ETA: 00m00s
libXau-1.0.12_2.x86_64.xbps.sig2: 512B [avg rate: 19MB/s]
libXau-1.0.12_2.x86_64.xbps: [6593B 62%] 89MB/s ETA: 00m00s
libXau-1.0.12_2.x86_64.xbps: 6593B [avg rate: 143MB/s]
libXau-1.0.12_2: verifying RSA signature...
libXdmcp-1.1.5_1.x86_64.xbps.sig2: [512B 100%] 16MB/s ETA: 00m00s
libXdmcp-1.1.5_1.x86_64.xbps.sig2: 512B [avg rate: 16MB/s]
libXdmcp-1.1.5_1.x86_64.xbps: [26KB 15%] 106MB/s ETA: 00m00s
libXdmcp-1.1.5_1.x86_64.xbps: 26KB [avg rate: 693MB/s]
libXdmcp-1.1.5_1: verifying RSA signature...
libxcb-1.17.0_1.x86_64.xbps.sig2: [512B 100%] 20MB/s ETA: 00m00s
libxcb-1.17.0_1.x86_64.xbps.sig2: 512B [avg rate: 20MB/s]
libxcb-1.17.0_1.x86_64.xbps: [209KB 1%] 95MB/s ETA: 00m00s
libxcb-1.17.0_1.x86_64.xbps: 209KB [avg rate: 4971MB/s]
libxcb-1.17.0_1: verifying RSA signature...
libX11-1.8.13_1.x86_64.xbps.sig2: [512B 100%] 19MB/s ETA: 00m00s
libX11-1.8.13_1.x86_64.xbps.sig2: 512B [avg rate: 19MB/s]
libX11-1.8.13_1.x86_64.xbps: [1326KB 0%] 91MB/s ETA: 00m00s
libX11-1.8.13_1.x86_64.xbps: 1326KB [avg rate: 29GB/s]
libX11-1.8.13_1: verifying RSA signature...
libXext-1.3.7_1.x86_64.xbps.sig2: [512B 100%] 20MB/s ETA: 00m00s
libXext-1.3.7_1.x86_64.xbps.sig2: 512B [avg rate: 20MB/s]
libXext-1.3.7_1.x86_64.xbps: [54KB 7%] 115MB/s ETA: 00m00s
libXext-1.3.7_1.x86_64.xbps: 54KB [avg rate: 1541MB/s]
libXext-1.3.7_1: verifying RSA signature...
libXrender-0.9.12_1.x86_64.xbps.sig2: [512B 100%] 21MB/s ETA: 00m00s
libXrender-0.9.12_1.x86_64.xbps.sig2: 512B [avg rate: 21MB/s]
libXrender-0.9.12_1.x86_64.xbps: [25KB 15%] 89MB/s ETA: 00m00s
libXrender-0.9.12_1.x86_64.xbps: 25KB [avg rate: 558MB/s]
libXrender-0.9.12_1: verifying RSA signature...
pixman-0.46.4_1.x86_64.xbps.sig2: [512B 100%] 20MB/s ETA: 00m00s
pixman-0.46.4_1.x86_64.xbps.sig2: 512B [avg rate: 20MB/s]
pixman-0.46.4_1.x86_64.xbps: [310KB 1%] 98MB/s ETA: 00m00s
pixman-0.46.4_1.x86_64.xbps: 310KB [avg rate: 7566MB/s]
pixman-0.46.4_1: verifying RSA signature...
cairo-1.18.4_2.x86_64.xbps.sig2: [512B 100%] 19MB/s ETA: 00m00s
cairo-1.18.4_2.x86_64.xbps.sig2: 512B [avg rate: 19MB/s]
cairo-1.18.4_2.x86_64.xbps: [626KB 0%] 89MB/s ETA: 00m00s
cairo-1.18.4_2.x86_64.xbps: 626KB [avg rate: 14GB/s]
cairo-1.18.4_2: verifying RSA signature...
cairomm-1.14.6_1.x86_64.xbps.sig2: [512B 100%] 21MB/s ETA: 00m00s
cairomm-1.14.6_1.x86_64.xbps.sig2: 512B [avg rate: 21MB/s]
cairomm-1.14.6_1.x86_64.xbps: [47KB 8%] 91MB/s ETA: 00m00s
cairomm-1.14.6_1.x86_64.xbps: 47KB [avg rate: 1069MB/s]
cairomm-1.14.6_1: verifying RSA signature...
libxml2-2.13.8_3.x86_64.xbps.sig2: [512B 100%] 19MB/s ETA: 00m00s
libxml2-2.13.8_3.x86_64.xbps.sig2: 512B [avg rate: 19MB/s]
libxml2-2.13.8_3.x86_64.xbps: [647KB 0%] 95MB/s ETA: 00m00s
libxml2-2.13.8_3.x86_64.xbps: 647KB [avg rate: 15GB/s]
libxml2-2.13.8_3: verifying RSA signature...
shared-mime-info-2.4_2.x86_64.xbps.sig2: [512B 100%] 20MB/s ETA: 00m00s
shared-mime-info-2.4_2.x86_64.xbps.sig2: 512B [avg rate: 20MB/s]
shared-mime-info-2.4_2.x86_64.xbps: [744KB 0%] 12MB/s ETA: 00m00s
shared-mime-info-2.4_2.x86_64.xbps: 744KB [avg rate: 2307MB/s]
shared-mime-info-2.4_2: verifying RSA signature...
libjpeg-turbo-3.1.4.1_1.x86_64.xbps.sig2: [512B 100%] 20MB/s ETA: 00m00s
libjpeg-turbo-3.1.4.1_1.x86_64.xbps.sig2: 512B [avg rate: 20MB/s]
libjpeg-turbo-3.1.4.1_1.x86_64.xbps: [368KB 1%] 93MB/s ETA: 00m00s
libjpeg-turbo-3.1.4.1_1.x86_64.xbps: [368KB 26%] 9625KB/s ETA: 00m02s
libjpeg-turbo-3.1.4.1_1.x86_64.xbps: 368KB [avg rate: 36MB/s]
libjpeg-turbo-3.1.4.1_1: verifying RSA signature...
libsharpyuv-1.6.0_3.x86_64.xbps.sig2: [512B 100%] 20MB/s ETA: 00m00s
libsharpyuv-1.6.0_3.x86_64.xbps.sig2: 512B [avg rate: 20MB/s]
libsharpyuv-1.6.0_3.x86_64.xbps: [12KB 32%] 85MB/s ETA: 00m00s
libsharpyuv-1.6.0_3.x86_64.xbps: 12KB [avg rate: 262MB/s]
libsharpyuv-1.6.0_3: verifying RSA signature...
libwebp-1.6.0_3.x86_64.xbps.sig2: [512B 100%] -- stalled -- ETA: 00m00s
libwebp-1.6.0_3.x86_64.xbps.sig2: 512B [avg rate: -- stalled --]
libwebp-1.6.0_3.x86_64.xbps: [274KB 1%] 93MB/s ETA: 00m00s
libwebp-1.6.0_3.x86_64.xbps: 274KB [avg rate: 6367MB/s]
libwebp-1.6.0_3: verifying RSA signature...
jbigkit-libs-2.2_2.x86_64.xbps.sig2: [512B 100%] 21MB/s ETA: 00m00s
jbigkit-libs-2.2_2.x86_64.xbps.sig2: 512B [avg rate: 21MB/s]
jbigkit-libs-2.2_2.x86_64.xbps: [29KB 13%] 91MB/s ETA: 00m00s
jbigkit-libs-2.2_2.x86_64.xbps: 29KB [avg rate: 667MB/s]
jbigkit-libs-2.2_2: verifying RSA signature...
tiff-4.7.1_2.x86_64.xbps.sig2: [512B 100%] 15MB/s ETA: 00m00s
tiff-4.7.1_2.x86_64.xbps.sig2: 512B [avg rate: 15MB/s]
tiff-4.7.1_2.x86_64.xbps: [422KB 0%] 95MB/s ETA: 00m00s
tiff-4.7.1_2.x86_64.xbps: 422KB [avg rate: 9.8GB/s]
tiff-4.7.1_2: verifying RSA signature...
gdk-pixbuf-2.42.12_2.x86_64.xbps.sig2: [512B 100%] 20MB/s ETA: 00m00s
gdk-pixbuf-2.42.12_2.x86_64.xbps.sig2: 512B [avg rate: 20MB/s]
gdk-pixbuf-2.42.12_2.x86_64.xbps: [537KB 0%] 89MB/s ETA: 00m00s
gdk-pixbuf-2.42.12_2.x86_64.xbps: 537KB [avg rate: 12GB/s]
gdk-pixbuf-2.42.12_2: verifying RSA signature...
gtk-update-icon-cache-3.24.52_1.x86_64.xbps.sig2: [512B 100%] 20MB/s ETA: 00m00s
gtk-update-icon-cache-3.24.52_1.x86_64.xbps.sig2: 512B [avg rate: 20MB/s]
gtk-update-icon-cache-3.24.52_1.x86_64.xbps: [16KB 25%] 95MB/s ETA: 00m00s
gtk-update-icon-cache-3.24.52_1.x86_64.xbps: 16KB [avg rate: 380MB/s]
gtk-update-icon-cache-3.24.52_1: verifying RSA signature...
libdav1d-1.5.3_1.x86_64.xbps.sig2: [512B 100%] 21MB/s ETA: 00m00s
libdav1d-1.5.3_1.x86_64.xbps.sig2: 512B [avg rate: 21MB/s]
libdav1d-1.5.3_1.x86_64.xbps: [679KB 0%] 89MB/s ETA: 00m00s
libdav1d-1.5.3_1.x86_64.xbps: 679KB [avg rate: 15GB/s]
libdav1d-1.5.3_1: verifying RSA signature...
fribidi-1.0.16_1.x86_64.xbps.sig2: [512B 100%] 20MB/s ETA: 00m00s
fribidi-1.0.16_1.x86_64.xbps.sig2: 512B [avg rate: 20MB/s]
fribidi-1.0.16_1.x86_64.xbps: [30KB 13%] 69MB/s ETA: 00m00s
fribidi-1.0.16_1.x86_64.xbps: 30KB [avg rate: 521MB/s]
fribidi-1.0.16_1: verifying RSA signature...
libdatrie-0.2.14_1.x86_64.xbps.sig2: [512B 100%] 20MB/s ETA: 00m00s
libdatrie-0.2.14_1.x86_64.xbps.sig2: 512B [avg rate: 20MB/s]
libdatrie-0.2.14_1.x86_64.xbps: [23KB 17%] 98MB/s ETA: 00m00s
libdatrie-0.2.14_1.x86_64.xbps: 23KB [avg rate: 558MB/s]
libdatrie-0.2.14_1: verifying RSA signature...
libthai-0.1.29_1.x86_64.xbps.sig2: [512B 100%] 18MB/s ETA: 00m00s
libthai-0.1.29_1.x86_64.xbps.sig2: 512B [avg rate: 18MB/s]
libthai-0.1.29_1.x86_64.xbps: [216KB 1%] 93MB/s ETA: 00m00s
libthai-0.1.29_1.x86_64.xbps: 216KB [avg rate: 5027MB/s]
libthai-0.1.29_1: verifying RSA signature...
graphite-1.3.14_1.x86_64.xbps.sig2: [512B 100%] 21MB/s ETA: 00m00s
graphite-1.3.14_1.x86_64.xbps.sig2: 512B [avg rate: 21MB/s]
graphite-1.3.14_1.x86_64.xbps: [90KB 4%] 29MB/s ETA: 00m00s
graphite-1.3.14_1.x86_64.xbps: 90KB [avg rate: 643MB/s]
graphite-1.3.14_1: verifying RSA signature...
libharfbuzz-14.4.0_1.x86_64.xbps.sig2: [512B 100%] 20MB/s ETA: 00m00s
libharfbuzz-14.4.0_1.x86_64.xbps.sig2: 512B [avg rate: 20MB/s]
libharfbuzz-14.4.0_1.x86_64.xbps: [1278KB 0%] 13MB/s ETA: 00m00s
libharfbuzz-14.4.0_1.x86_64.xbps: 1278KB [avg rate: 4302MB/s]
libharfbuzz-14.4.0_1: verifying RSA signature...
pango-1.56.3_2.x86_64.xbps.sig2: [512B 100%] 16MB/s ETA: 00m00s
pango-1.56.3_2.x86_64.xbps.sig2: 512B [avg rate: 16MB/s]
pango-1.56.3_2.x86_64.xbps: [285KB 1%] 91MB/s ETA: 00m00s
pango-1.56.3_2.x86_64.xbps: 285KB [avg rate: 6483MB/s]
pango-1.56.3_2: verifying RSA signature...
librsvg-2.59.2_2.x86_64.xbps.sig2: [512B 100%] 20MB/s ETA: 00m00s
librsvg-2.59.2_2.x86_64.xbps.sig2: 512B [avg rate: 20MB/s]
librsvg-2.59.2_2.x86_64.xbps: [2233KB 0%] 93MB/s ETA: 00m00s
librsvg-2.59.2_2.x86_64.xbps: 2233KB [avg rate: 51GB/s]
librsvg-2.59.2_2: verifying RSA signature...
adwaita-icon-theme-49.0_1.x86_64.xbps.sig2: [512B 100%] 18MB/s ETA: 00m00s
adwaita-icon-theme-49.0_1.x86_64.xbps.sig2: 512B [avg rate: 18MB/s]
adwaita-icon-theme-49.0_1.x86_64.xbps: [678KB 0%] 95MB/s ETA: 00m00s
adwaita-icon-theme-49.0_1.x86_64.xbps: 678KB [avg rate: 16GB/s]
adwaita-icon-theme-49.0_1: verifying RSA signature...
dbus-x11-1.16.2_2.x86_64.xbps.sig2: [512B 100%] 20MB/s ETA: 00m00s
dbus-x11-1.16.2_2.x86_64.xbps.sig2: 512B [avg rate: 20MB/s]
dbus-x11-1.16.2_2.x86_64.xbps: [16KB 25%] -- stalled -- ETA: 00m00s
dbus-x11-1.16.2_2.x86_64.xbps: 16KB [avg rate: -- stalled --]
dbus-x11-1.16.2_2: verifying RSA signature...
libXcomposite-0.4.7_2.x86_64.xbps.sig2: [512B 100%] 22MB/s ETA: 00m00s
libXcomposite-0.4.7_2.x86_64.xbps.sig2: 512B [avg rate: 22MB/s]
libXcomposite-0.4.7_2.x86_64.xbps: [4270B 95%] 112MB/s ETA: 00m00s
libXcomposite-0.4.7_2.x86_64.xbps: 4270B [avg rate: 116MB/s]
libXcomposite-0.4.7_2: verifying RSA signature...
libXfixes-6.0.2_1.x86_64.xbps.sig2: [512B 100%] 19MB/s ETA: 00m00s
libXfixes-6.0.2_1.x86_64.xbps.sig2: 512B [avg rate: 19MB/s]
libXfixes-6.0.2_1.x86_64.xbps: [8794B 46%] 91MB/s ETA: 00m00s
libXfixes-6.0.2_1.x86_64.xbps: 8794B [avg rate: 195MB/s]
libXfixes-6.0.2_1: verifying RSA signature...
libXcursor-1.2.3_2.x86_64.xbps.sig2: [512B 100%] 20MB/s ETA: 00m00s
libXcursor-1.2.3_2.x86_64.xbps.sig2: 512B [avg rate: 20MB/s]
libXcursor-1.2.3_2.x86_64.xbps: [21KB 18%] 93MB/s ETA: 00m00s
libXcursor-1.2.3_2.x86_64.xbps: 21KB [avg rate: 494MB/s]
libXcursor-1.2.3_2: verifying RSA signature...
libXdamage-1.1.7_1.x86_64.xbps.sig2: [512B 100%] 15MB/s ETA: 00m00s
libXdamage-1.1.7_1.x86_64.xbps.sig2: 512B [avg rate: 15MB/s]
libXdamage-1.1.7_1.x86_64.xbps: [5424B 75%] 9368KB/s ETA: 00m00s
libXdamage-1.1.7_1.x86_64.xbps: 5424B [avg rate: 12MB/s]
libXdamage-1.1.7_1: verifying RSA signature...
libXi-1.8.3_1.x86_64.xbps.sig2: [512B 100%] 21MB/s ETA: 00m00s
libXi-1.8.3_1.x86_64.xbps.sig2: 512B [avg rate: 21MB/s]
libXi-1.8.3_1.x86_64.xbps: [30KB 13%] 93MB/s ETA: 00m00s
libXi-1.8.3_1.x86_64.xbps: 30KB [avg rate: 698MB/s]
libXi-1.8.3_1: verifying RSA signature...
libXinerama-1.1.6_1.x86_64.xbps.sig2: [512B 100%] 14MB/s ETA: 00m00s
libXinerama-1.1.6_1.x86_64.xbps.sig2: 512B [avg rate: 14MB/s]
libXinerama-1.1.6_1.x86_64.xbps: [4125B 99%] 89MB/s ETA: 00m00s
libXinerama-1.1.6_1.x86_64.xbps: 4125B [avg rate: 89MB/s]
libXinerama-1.1.6_1: verifying RSA signature...
libXrandr-1.5.5_1.x86_64.xbps.sig2: [512B 100%] 20MB/s ETA: 00m00s
libXrandr-1.5.5_1.x86_64.xbps.sig2: 512B [avg rate: 20MB/s]
libXrandr-1.5.5_1.x86_64.xbps: [19KB 21%] 93MB/s ETA: 00m00s
libXrandr-1.5.5_1.x86_64.xbps: 19KB [avg rate: 432MB/s]
libXrandr-1.5.5_1: verifying RSA signature...
libXtst-1.2.5_2.x86_64.xbps.sig2: [512B 100%] 20MB/s ETA: 00m00s
libXtst-1.2.5_2.x86_64.xbps.sig2: 512B [avg rate: 20MB/s]
libXtst-1.2.5_2.x86_64.xbps: [10KB 39%] 87MB/s ETA: 00m00s
libXtst-1.2.5_2.x86_64.xbps: 10KB [avg rate: 220MB/s]
libXtst-1.2.5_2: verifying RSA signature...
at-spi2-core-2.56.5_1.x86_64.xbps.sig2: [512B 100%] 20MB/s ETA: 00m00s
at-spi2-core-2.56.5_1.x86_64.xbps.sig2: 512B [avg rate: 20MB/s]
at-spi2-core-2.56.5_1.x86_64.xbps: [355KB 1%] 95MB/s ETA: 00m00s
at-spi2-core-2.56.5_1.x86_64.xbps: 355KB [avg rate: 8452MB/s]
at-spi2-core-2.56.5_1: verifying RSA signature...
at-spi2-atk-2.56.5_1.x86_64.xbps.sig2: [512B 100%] 21MB/s ETA: 00m00s
at-spi2-atk-2.56.5_1.x86_64.xbps.sig2: 512B [avg rate: 21MB/s]
at-spi2-atk-2.56.5_1.x86_64.xbps: [73KB 5%] 89MB/s ETA: 00m00s
at-spi2-atk-2.56.5_1.x86_64.xbps: 73KB [avg rate: 1612MB/s]
at-spi2-atk-2.56.5_1: verifying RSA signature...
lcms2-2.19.1_1.x86_64.xbps.sig2: [512B 100%] 20MB/s ETA: 00m00s
lcms2-2.19.1_1.x86_64.xbps.sig2: 512B [avg rate: 20MB/s]
lcms2-2.19.1_1.x86_64.xbps: [179KB 2%] 85MB/s ETA: 00m00s
lcms2-2.19.1_1.x86_64.xbps: 179KB [avg rate: 3805MB/s]
lcms2-2.19.1_1: verifying RSA signature...
json-glib-1.10.8_1.x86_64.xbps.sig2: [512B 100%] 20MB/s ETA: 00m00s
json-glib-1.10.8_1.x86_64.xbps.sig2: 512B [avg rate: 20MB/s]
json-glib-1.10.8_1.x86_64.xbps: [148KB 2%] 89MB/s ETA: 00m00s
json-glib-1.10.8_1.x86_64.xbps: 148KB [avg rate: 3286MB/s]
json-glib-1.10.8_1: verifying RSA signature...
libgusb-0.4.9_1.x86_64.xbps.sig2: [512B 100%] 21MB/s ETA: 00m00s
libgusb-0.4.9_1.x86_64.xbps.sig2: 512B [avg rate: 21MB/s]
libgusb-0.4.9_1.x86_64.xbps: [50KB 8%] 85MB/s ETA: 00m00s
libgusb-0.4.9_1.x86_64.xbps: 50KB [avg rate: 1054MB/s]
libgusb-0.4.9_1: verifying RSA signature...
libcolord-1.4.7_1.x86_64.xbps.sig2: [512B 100%] 21MB/s ETA: 00m00s
libcolord-1.4.7_1.x86_64.xbps.sig2: 512B [avg rate: 21MB/s]
libcolord-1.4.7_1.x86_64.xbps: [212KB 1%] -- stalled -- ETA: 00m00s
libcolord-1.4.7_1.x86_64.xbps: 212KB [avg rate: -- stalled --]
libcolord-1.4.7_1: verifying RSA signature...
avahi-libs-0.8_2.x86_64.xbps.sig2: [512B 100%] 21MB/s ETA: 00m00s
avahi-libs-0.8_2.x86_64.xbps.sig2: 512B [avg rate: 21MB/s]
avahi-libs-0.8_2.x86_64.xbps: [139KB 2%] 95MB/s ETA: 00m00s
avahi-libs-0.8_2.x86_64.xbps: 139KB [avg rate: 3320MB/s]
avahi-libs-0.8_2: verifying RSA signature...
libcups-2.4.19_1.x86_64.xbps.sig2: [512B 100%] 21MB/s ETA: 00m00s
libcups-2.4.19_1.x86_64.xbps.sig2: 512B [avg rate: 21MB/s]
libcups-2.4.19_1.x86_64.xbps: [271KB 1%] 93MB/s ETA: 00m00s
libcups-2.4.19_1.x86_64.xbps: 271KB [avg rate: 6302MB/s]
libcups-2.4.19_1: verifying RSA signature...
libepoxy-1.5.10_1.x86_64.xbps.sig2: [512B 100%] 20MB/s ETA: 00m00s
libepoxy-1.5.10_1.x86_64.xbps.sig2: 512B [avg rate: 20MB/s]
libepoxy-1.5.10_1.x86_64.xbps: [243KB 1%] 91MB/s ETA: 00m00s
libepoxy-1.5.10_1.x86_64.xbps: 243KB [avg rate: 5523MB/s]
libepoxy-1.5.10_1: verifying RSA signature...
wayland-1.26.0_1.x86_64.xbps.sig2: [512B 100%] 20MB/s ETA: 00m00s
wayland-1.26.0_1.x86_64.xbps.sig2: 512B [avg rate: 20MB/s]
wayland-1.26.0_1.x86_64.xbps: [66KB 6%] 95MB/s ETA: 00m00s
wayland-1.26.0_1.x86_64.xbps: 66KB [avg rate: 1582MB/s]
wayland-1.26.0_1: verifying RSA signature...
libxkbfile-1.1.3_1.x86_64.xbps.sig2: [512B 100%] 20MB/s ETA: 00m00s
libxkbfile-1.1.3_1.x86_64.xbps.sig2: 512B [avg rate: 20MB/s]
libxkbfile-1.1.3_1.x86_64.xbps: [77KB 5%] 93MB/s ETA: 00m00s
libxkbfile-1.1.3_1.x86_64.xbps: 77KB [avg rate: 1780MB/s]
libxkbfile-1.1.3_1: verifying RSA signature...
xkbcomp-1.5.0_1.x86_64.xbps.sig2: [512B 100%] 20MB/s ETA: 00m00s
xkbcomp-1.5.0_1.x86_64.xbps.sig2: 512B [avg rate: 20MB/s]
xkbcomp-1.5.0_1.x86_64.xbps: [100KB 4%] 71MB/s ETA: 00m00s
xkbcomp-1.5.0_1.x86_64.xbps: 100KB [avg rate: 1769MB/s]
xkbcomp-1.5.0_1: verifying RSA signature...
xkeyboard-config-2.48_1.x86_64.xbps.sig2: [512B 100%] 20MB/s ETA: 00m00s
xkeyboard-config-2.48_1.x86_64.xbps.sig2: 512B [avg rate: 20MB/s]
xkeyboard-config-2.48_1.x86_64.xbps: [1066KB 0%] 95MB/s ETA: 00m00s
xkeyboard-config-2.48_1.x86_64.xbps: 1066KB [avg rate: 25GB/s]
xkeyboard-config-2.48_1: verifying RSA signature...
libxkbcommon-1.13.2_1.x86_64.xbps.sig2: [512B 100%] 20MB/s ETA: 00m00s
libxkbcommon-1.13.2_1.x86_64.xbps.sig2: 512B [avg rate: 20MB/s]
libxkbcommon-1.13.2_1.x86_64.xbps: [177KB 2%] 93MB/s ETA: 00m00s
libxkbcommon-1.13.2_1.x86_64.xbps: 177KB [avg rate: 4121MB/s]
libxkbcommon-1.13.2_1: verifying RSA signature...
gtk+3-3.24.52_1.x86_64.xbps.sig2: [512B 100%] 18MB/s ETA: 00m00s
gtk+3-3.24.52_1.x86_64.xbps.sig2: 512B [avg rate: 18MB/s]
gtk+3-3.24.52_1.x86_64.xbps: [9692KB 0%] 87MB/s ETA: 00m00s
gtk+3-3.24.52_1.x86_64.xbps: [9692KB 36%] 11MB/s ETA: 00m01s
gtk+3-3.24.52_1.x86_64.xbps: 9692KB [avg rate: 31MB/s]
gtk+3-3.24.52_1: verifying RSA signature...
pangomm-2.46.2_1.x86_64.xbps.sig2: [512B 100%] 20MB/s ETA: 00m00s
pangomm-2.46.2_1.x86_64.xbps.sig2: 512B [avg rate: 20MB/s]
pangomm-2.46.2_1.x86_64.xbps: [53KB 7%] 93MB/s ETA: 00m00s
pangomm-2.46.2_1.x86_64.xbps: 53KB [avg rate: 1237MB/s]
pangomm-2.46.2_1: verifying RSA signature...
gtkmm-3.24.8_1.x86_64.xbps.sig2: [512B 100%] 20MB/s ETA: 00m00s
gtkmm-3.24.8_1.x86_64.xbps.sig2: 512B [avg rate: 20MB/s]
gtkmm-3.24.8_1.x86_64.xbps: [1067KB 0%] 95MB/s ETA: 00m00s
gtkmm-3.24.8_1.x86_64.xbps: 1067KB [avg rate: 25GB/s]
gtkmm-3.24.8_1: verifying RSA signature...
libpciaccess-0.19_1.x86_64.xbps.sig2: [512B 100%] 8929KB/s ETA: 00m00s
libpciaccess-0.19_1.x86_64.xbps.sig2: 512B [avg rate: 8929KB/s]
libpciaccess-0.19_1.x86_64.xbps: [19KB 21%] 60MB/s ETA: 00m00s
libpciaccess-0.19_1.x86_64.xbps: 19KB [avg rate: 283MB/s]
libpciaccess-0.19_1: verifying RSA signature...
libdrm-2.4.134_1.x86_64.xbps.sig2: [512B 100%] 9615KB/s ETA: 00m00s
libdrm-2.4.134_1.x86_64.xbps.sig2: 512B [avg rate: 9615KB/s]
libdrm-2.4.134_1.x86_64.xbps: [165KB 2%] 32MB/s ETA: 00m00s
libdrm-2.4.134_1.x86_64.xbps: 165KB [avg rate: 1335MB/s]
libdrm-2.4.134_1: verifying RSA signature...
libmspack-0.10.1alpha_1.x86_64.xbps.sig2: [512B 100%] 9091KB/s ETA: 00m00s
libmspack-0.10.1alpha_1.x86_64.xbps.sig2: 512B [avg rate: 9091KB/s]
libmspack-0.10.1alpha_1.x86_64.xbps: [34KB 11%] 55MB/s ETA: 00m00s
libmspack-0.10.1alpha_1.x86_64.xbps: 34KB [avg rate: 469MB/s]
libmspack-0.10.1alpha_1: verifying RSA signature...
libtirpc-1.3.7_2.x86_64.xbps.sig2: [512B 100%] 3817KB/s ETA: 00m00s
libtirpc-1.3.7_2.x86_64.xbps.sig2: 512B [avg rate: 3817KB/s]
libtirpc-1.3.7_2.x86_64.xbps: [90KB 4%] 58MB/s ETA: 00m00s
libtirpc-1.3.7_2.x86_64.xbps: 90KB [avg rate: 1310MB/s]
libtirpc-1.3.7_2: verifying RSA signature...
open-vm-tools-12.3.0_3.x86_64.xbps.sig2: [512B 100%] 9615KB/s ETA: 00m00s
open-vm-tools-12.3.0_3.x86_64.xbps.sig2: 512B [avg rate: 9615KB/s]
open-vm-tools-12.3.0_3.x86_64.xbps: [1058KB 0%] 31MB/s ETA: 00m00s
open-vm-tools-12.3.0_3.x86_64.xbps: [1058KB 71%] 12MB/s ETA: 00m00s
open-vm-tools-12.3.0_3.x86_64.xbps: 1058KB [avg rate: 16MB/s]
open-vm-tools-12.3.0_3: verifying RSA signature...
mesa-vaapi-26.1.8_1.x86_64.xbps.sig2: [512B 100%] 8772KB/s ETA: 00m00s
mesa-vaapi-26.1.8_1.x86_64.xbps.sig2: 512B [avg rate: 8772KB/s]
mesa-vaapi-26.1.8_1.x86_64.xbps: [826B 100%] 13MB/s ETA: 00m00s
mesa-vaapi-26.1.8_1.x86_64.xbps: 826B [avg rate: 13MB/s]
mesa-vaapi-26.1.8_1: verifying RSA signature...
libglvnd-1.7.0_1.x86_64.xbps.sig2: [512B 100%] 8929KB/s ETA: 00m00s
libglvnd-1.7.0_1.x86_64.xbps.sig2: 512B [avg rate: 8929KB/s]
libglvnd-1.7.0_1.x86_64.xbps: [238KB 1%] 57MB/s ETA: 00m00s
libglvnd-1.7.0_1.x86_64.xbps: 238KB [avg rate: 3367MB/s]
libglvnd-1.7.0_1: verifying RSA signature...
libXxf86vm-1.1.6_2.x86_64.xbps.sig2: [512B 100%] 9091KB/s ETA: 00m00s
libXxf86vm-1.1.6_2.x86_64.xbps.sig2: 512B [avg rate: 9091KB/s]
libXxf86vm-1.1.6_2.x86_64.xbps: [8125B 50%] 57MB/s ETA: 00m00s
libXxf86vm-1.1.6_2.x86_64.xbps: 8125B [avg rate: 112MB/s]
libXxf86vm-1.1.6_2: verifying RSA signature...
libz3-5.1.0_1.x86_64.xbps.sig2: [512B 100%] 9804KB/s ETA: 00m00s
libz3-5.1.0_1.x86_64.xbps.sig2: 512B [avg rate: 9804KB/s]
libz3-5.1.0_1.x86_64.xbps: [12MB 0%] 17MB/s ETA: 00m00s
libz3-5.1.0_1.x86_64.xbps: [12MB 23%] 11MB/s ETA: 00m03s
libz3-5.1.0_1.x86_64.xbps: 12MB [avg rate: 48MB/s]
libz3-5.1.0_1: verifying RSA signature...
libllvm21-21.1.7_1.x86_64.xbps.sig2: [512B 100%] 9.8MB/s ETA: 00m00s
libllvm21-21.1.7_1.x86_64.xbps.sig2: 512B [avg rate: 9.8MB/s]
libllvm21-21.1.7_1.x86_64.xbps: [35MB 0%] 54MB/s ETA: 00m00s
libllvm21-21.1.7_1.x86_64.xbps: [35MB 0%] 12MB/s ETA: 01m55s
libllvm21-21.1.7_1.x86_64.xbps: [35MB 33%] 11MB/s ETA: 00m03s
libllvm21-21.1.7_1.x86_64.xbps: [35MB 66%] 11MB/s ETA: 00m01s
libllvm21-21.1.7_1.x86_64.xbps: [35MB 98%] 11MB/s ETA: 00m00s
libllvm21-21.1.7_1.x86_64.xbps: 35MB [avg rate: 11MB/s]
libllvm21-21.1.7_1: verifying RSA signature...
libsensors-3.6.0_2.x86_64.xbps.sig2: [512B 100%] 8475KB/s ETA: 00m00s
libsensors-3.6.0_2.x86_64.xbps.sig2: 512B [avg rate: 8475KB/s]
libsensors-3.6.0_2.x86_64.xbps: [25KB 15%] 53MB/s ETA: 00m00s
libsensors-3.6.0_2.x86_64.xbps: 25KB [avg rate: 332MB/s]
libsensors-3.6.0_2: verifying RSA signature...
libxshmfence-1.3.3_2.x86_64.xbps.sig2: [512B 100%] 3571KB/s ETA: 00m00s
libxshmfence-1.3.3_2.x86_64.xbps.sig2: 512B [avg rate: 3571KB/s]
libxshmfence-1.3.3_2.x86_64.xbps: [4315B 94%] 49MB/s ETA: 00m00s
libxshmfence-1.3.3_2.x86_64.xbps: 4315B [avg rate: 52MB/s]
libxshmfence-1.3.3_2: verifying RSA signature...
mesa-libgallium-26.1.8_1.x86_64.xbps.sig2: [512B 100%] 7353KB/s ETA: 00m00s
mesa-libgallium-26.1.8_1.x86_64.xbps.sig2: 512B [avg rate: 7353KB/s]
mesa-libgallium-26.1.8_1.x86_64.xbps: [12MB 0%] 53MB/s ETA: 00m00s
mesa-libgallium-26.1.8_1.x86_64.xbps: [12MB 40%] 11MB/s ETA: 00m01s
mesa-libgallium-26.1.8_1.x86_64.xbps: 12MB [avg rate: 28MB/s]
mesa-libgallium-26.1.8_1: verifying RSA signature...
libgbm-26.1.8_1.x86_64.xbps.sig2: [512B 100%] 9259KB/s ETA: 00m00s
libgbm-26.1.8_1.x86_64.xbps.sig2: 512B [avg rate: 9259KB/s]
libgbm-26.1.8_1.x86_64.xbps: [6763B 60%] 48MB/s ETA: 00m00s
libgbm-26.1.8_1.x86_64.xbps: 6763B [avg rate: 80MB/s]
libgbm-26.1.8_1: verifying RSA signature...
mesa-26.1.8_1.x86_64.xbps.sig2: [512B 100%] 9615KB/s ETA: 00m00s
mesa-26.1.8_1.x86_64.xbps.sig2: 512B [avg rate: 9615KB/s]
mesa-26.1.8_1.x86_64.xbps: [795KB 0%] 56MB/s ETA: 00m00s
mesa-26.1.8_1.x86_64.xbps: [795KB 28%] 12MB/s ETA: 00m02s
mesa-26.1.8_1.x86_64.xbps: 795KB [avg rate: 43MB/s]
mesa-26.1.8_1: verifying RSA signature...
mesa-dri-26.1.8_1.x86_64.xbps.sig2: [512B 100%] 8475KB/s ETA: 00m00s
mesa-dri-26.1.8_1.x86_64.xbps.sig2: 512B [avg rate: 8475KB/s]
mesa-dri-26.1.8_1.x86_64.xbps: [22KB 17%] 55MB/s ETA: 00m00s
mesa-dri-26.1.8_1.x86_64.xbps: 22KB [avg rate: 306MB/s]
mesa-dri-26.1.8_1: verifying RSA signature...
mesa-vmwgfx-dri-26.1.8_1.x86_64.xbps.sig2: [512B 100%] 9259KB/s ETA: 00m00s
mesa-vmwgfx-dri-26.1.8_1.x86_64.xbps.sig2: 512B [avg rate: 9259KB/s]
mesa-vmwgfx-dri-26.1.8_1.x86_64.xbps: [633B 100%] 7025KB/s ETA: 00m00s
mesa-vmwgfx-dri-26.1.8_1.x86_64.xbps: 633B [avg rate: 7025KB/s]
mesa-vmwgfx-dri-26.1.8_1: verifying RSA signature...

[*] Collecting package files
glib-2.88.0_1: collecting files...
atk-2.56.5_1: collecting files...
libsigc++-2.12.1_1: collecting files...
glibmm-2.66.8_1: collecting files...
atkmm-2.28.3_1: collecting files...
libpng-1.6.58_1: collecting files...
brotli-1.2.0_2: collecting files...
freetype-2.14.3_1: collecting files...
fontconfig-2.17.1_1: collecting files...
libXau-1.0.12_2: collecting files...
libXdmcp-1.1.5_1: collecting files...
libxcb-1.17.0_1: collecting files...
libX11-1.8.13_1: collecting files...
libXext-1.3.7_1: collecting files...
libXrender-0.9.12_1: collecting files...
pixman-0.46.4_1: collecting files...
cairo-1.18.4_2: collecting files...
cairomm-1.14.6_1: collecting files...
libxml2-2.13.8_3: collecting files...
shared-mime-info-2.4_2: collecting files...
libjpeg-turbo-3.1.4.1_1: collecting files...
libsharpyuv-1.6.0_3: collecting files...
libwebp-1.6.0_3: collecting files...
jbigkit-libs-2.2_2: collecting files...
tiff-4.7.1_2: collecting files...
gdk-pixbuf-2.42.12_2: collecting files...
gtk-update-icon-cache-3.24.52_1: collecting files...
libdav1d-1.5.3_1: collecting files...
fribidi-1.0.16_1: collecting files...
libdatrie-0.2.14_1: collecting files...
libthai-0.1.29_1: collecting files...
graphite-1.3.14_1: collecting files...
libharfbuzz-14.4.0_1: collecting files...
pango-1.56.3_2: collecting files...
librsvg-2.59.2_2: collecting files...
adwaita-icon-theme-49.0_1: collecting files...
dbus-x11-1.16.2_2: collecting files...
libXcomposite-0.4.7_2: collecting files...
libXfixes-6.0.2_1: collecting files...
libXcursor-1.2.3_2: collecting files...
libXdamage-1.1.7_1: collecting files...
libXi-1.8.3_1: collecting files...
libXinerama-1.1.6_1: collecting files...
libXrandr-1.5.5_1: collecting files...
libXtst-1.2.5_2: collecting files...
at-spi2-core-2.56.5_1: collecting files...
at-spi2-atk-2.56.5_1: collecting files...
lcms2-2.19.1_1: collecting files...
json-glib-1.10.8_1: collecting files...
libgusb-0.4.9_1: collecting files...
libcolord-1.4.7_1: collecting files...
avahi-libs-0.8_2: collecting files...
libcups-2.4.19_1: collecting files...
libepoxy-1.5.10_1: collecting files...
wayland-1.26.0_1: collecting files...
libxkbfile-1.1.3_1: collecting files...
xkbcomp-1.5.0_1: collecting files...
xkeyboard-config-2.48_1: collecting files...
libxkbcommon-1.13.2_1: collecting files...
gtk+3-3.24.52_1: collecting files...
pangomm-2.46.2_1: collecting files...
gtkmm-3.24.8_1: collecting files...
libpciaccess-0.19_1: collecting files...
libdrm-2.4.134_1: collecting files...
libmspack-0.10.1alpha_1: collecting files...
libtirpc-1.3.7_2: collecting files...
open-vm-tools-12.3.0_3: collecting files...
mesa-vaapi-26.1.8_1: collecting files...
libglvnd-1.7.0_1: collecting files...
libXxf86vm-1.1.6_2: collecting files...
libz3-5.1.0_1: collecting files...
libllvm21-21.1.7_1: collecting files...
libsensors-3.6.0_2: collecting files...
libxshmfence-1.3.3_2: collecting files...
mesa-libgallium-26.1.8_1: collecting files...
libgbm-26.1.8_1: collecting files...
mesa-26.1.8_1: collecting files...
mesa-dri-26.1.8_1: collecting files...
mesa-vmwgfx-dri-26.1.8_1: collecting files...

[*] Unpacking packages
glib-2.88.0_1: unpacking ...
atk-2.56.5_1: unpacking ...
libsigc++-2.12.1_1: unpacking ...
glibmm-2.66.8_1: unpacking ...
atkmm-2.28.3_1: unpacking ...
libpng-1.6.58_1: unpacking ...
brotli-1.2.0_2: unpacking ...
freetype-2.14.3_1: unpacking ...
fontconfig-2.17.1_1: unpacking ...
libXau-1.0.12_2: unpacking ...
libXdmcp-1.1.5_1: unpacking ...
libxcb-1.17.0_1: unpacking ...
libX11-1.8.13_1: unpacking ...
libXext-1.3.7_1: unpacking ...
libXrender-0.9.12_1: unpacking ...
pixman-0.46.4_1: unpacking ...
cairo-1.18.4_2: unpacking ...
cairomm-1.14.6_1: unpacking ...
libxml2-2.13.8_3: unpacking ...
shared-mime-info-2.4_2: unpacking ...
libjpeg-turbo-3.1.4.1_1: unpacking ...
libsharpyuv-1.6.0_3: unpacking ...
libwebp-1.6.0_3: unpacking ...
jbigkit-libs-2.2_2: unpacking ...
tiff-4.7.1_2: unpacking ...
gdk-pixbuf-2.42.12_2: unpacking ...
gtk-update-icon-cache-3.24.52_1: unpacking .Building fonts cache... 
done.
Updating shared-mime-info database...
Updating GDK Pixbuf loaders cache...
..
libdav1d-1.5.3_1: unpacking ...
fribidi-1.0.16_1: unpacking ...
libdatrie-0.2.14_1: unpacking ...
libthai-0.1.29_1: unpacking ...
graphite-1.3.14_1: unpacking ...
libharfbuzz-14.4.0_1: unpacking ...
pango-1.56.3_2: unpacking ...
librsvg-2.59.2_2: unpacking ...
adwaita-icon-theme-49.0_1: unpacking ...
dbus-x11-1.16.2_2: unpacking ...
libXcomposite-0.4.7_2: unpacking ...
libXfixes-6.0.2_1: unpacking ...
libXcursor-1.2.3_2: unpacking ...
libXdamage-1.1.7_1: unpacking ...
libXi-1.8.3_1: unpacking ...
libXinerama-1.1.6_1: unpacking ...
libXrandr-1.5.5_1: unpacking ...
libXtst-1.2.5_2: unpacking ...
at-spi2-core-2.56.5_1: unpacking ...
at-spi2-atk-2.56.5_1: unpacking ...
lcms2-2.19.1_1: unpacking ...
json-glib-1.10.8_1: unpacking ...
libgusb-0.4.9_1: unpacking ...
libcolord-1.4.7_1: unpacking ...
avahi-libs-0.8_2: unpacking ...
libcups-2.4.19_1: unpacking ...
libepoxy-1.5.10_1: unpacking ...
wayland-1.26.0_1: unpacking ...
libxkbfile-1.1.3_1: unpacking ...
xkbcomp-1.5.0_1: unpacking ...
xkeyboard-config-2.48_1: unpacking ...
libxkbcommon-1.13.2_1: unpacking ...
gtk+3-3.24.52_1: unpacking ...
pangomm-2.46.2_1: unpacking ...
gtkmm-3.24.8_1: unpacking ...
libpciaccess-0.19_1: unpacking ...
libdrm-2.4.134_1: unpacking ...
libmspack-0.10.1alpha_1: unpacking ...
libtirpc-1.3.7_2: unpacking ...
open-vm-tools-12.3.0_3: unpacking ...
mesa-vaapi-26.1.8_1: unpacking ...
libglvnd-1.7.0_1: unpacking ...
libXxf86vm-1.1.6_2: unpacking ...
libz3-5.1.0_1: unpacking ...
libllvm21-21.1.7_1: unpacking ...
libsensors-3.6.0_2: unpacking ...
libxshmfence-1.3.3_2: unpacking ...
mesa-libgallium-26.1.8_1: unpacking ...
libgbm-26.1.8_1: unpacking ...
mesa-26.1.8_1: unpacking ...
mesa-dri-26.1.8_1: unpacking ...
mesa-vmwgfx-dri-26.1.8_1: unpacking ...

[*] Configuring unpacked packages
glib-2.88.0_1: configuring ...
glib-2.88.0_1: installed successfully.
atk-2.56.5_1: configuring ...
atk-2.56.5_1: installed successfully.
libsigc++-2.12.1_1: configuring ...
libsigc++-2.12.1_1: installed successfully.
glibmm-2.66.8_1: configuring ...
glibmm-2.66.8_1: installed successfully.
atkmm-2.28.3_1: configuring ...
atkmm-2.28.3_1: installed successfully.
libpng-1.6.58_1: configuring ...
libpng-1.6.58_1: installed successfully.
brotli-1.2.0_2: configuring ...
brotli-1.2.0_2: installed successfully.
freetype-2.14.3_1: configuring ...
freetype-2.14.3_1: installed successfully.
fontconfig-2.17.1_1: configuring ...
fontconfig-2.17.1_1: installed successfully.
libXau-1.0.12_2: configuring ...
libXau-1.0.12_2: installed successfully.
libXdmcp-1.1.5_1: configuring ...
libXdmcp-1.1.5_1: installed successfully.
libxcb-1.17.0_1: configuring ...
libxcb-1.17.0_1: installed successfully.
libX11-1.8.13_1: configuring ...
libX11-1.8.13_1: installed successfully.
libXext-1.3.7_1: configuring ...
libXext-1.3.7_1: installed successfully.
libXrender-0.9.12_1: configuring ...
libXrender-0.9.12_1: installed successfully.
pixman-0.46.4_1: configuring ...
pixman-0.46.4_1: installed successfully.
cairo-1.18.4_2: configuring ...
cairo-1.18.4_2: installed successfully.
cairomm-1.14.6_1: configuring ...
cairomm-1.14.6_1: installed successfully.
libxml2-2.13.8_3: configuring ...
libxml2-2.13.8_3: installed successfully.
shared-mime-info-2.4_2: configuring ...
shared-mime-info-2.4_2: installed successfully.
libjpeg-turbo-3.1.4.1_1: configuring ...
libjpeg-turbo-3.1.4.1_1: installed successfully.
libsharpyuv-1.6.0_3: configuring ...
libsharpyuv-1.6.0_3: installed successfully.
libwebp-1.6.0_3: configuring ...
libwebp-1.6.0_3: installed successfully.
jbigkit-libs-2.2_2: configuring ...
jbigkit-libs-2.2_2: installed successfully.
tiff-4.7.1_2: configuring ...
tiff-4.7.1_2: installed successfully.
gdk-pixbuf-2.42.12_2: configuring ...
gdk-pixbuf-2.42.12_2: installed successfully.
gtk-update-icon-cache-3.24.52_1: configuring ...
gtk-update-icon-cache-3.24.52_1: installed successfully.
libdav1d-1.5.3_1: configuring ...
libdav1d-1.5.3_1: installed successfully.
fribidi-1.0.16_1: configuring ...
fribidi-1.0.16_1: installed successfully.
libdatrie-0.2.14_1: configuring ...
libdatrie-0.2.14_1: installeUpdating GDK Pixbuf loaders cache...
Updating GTK+ icon cache for /usr/share/icons/Adwaita...
Updating GTK+3 immodules cache...
Refreshing GSettings database from usr/share/glib-2.0/schemas... done.
d successfully.
libthai-0.1.29_1: configuring ...
libthai-0.1.29_1: installed successfully.
graphite-1.3.14_1: configuring ...
graphite-1.3.14_1: installed successfully.
libharfbuzz-14.4.0_1: configuring ...
libharfbuzz-14.4.0_1: installed successfully.
pango-1.56.3_2: configuring ...
pango-1.56.3_2: installed successfully.
librsvg-2.59.2_2: configuring ...
librsvg-2.59.2_2: installed successfully.
adwaita-icon-theme-49.0_1: configuring ...
adwaita-icon-theme-49.0_1: installed successfully.
dbus-x11-1.16.2_2: configuring ...
dbus-x11-1.16.2_2: installed successfully.
libXcomposite-0.4.7_2: configuring ...
libXcomposite-0.4.7_2: installed successfully.
libXfixes-6.0.2_1: configuring ...
libXfixes-6.0.2_1: installed successfully.
libXcursor-1.2.3_2: configuring ...
libXcursor-1.2.3_2: installed successfully.
libXdamage-1.1.7_1: configuring ...
libXdamage-1.1.7_1: installed successfully.
libXi-1.8.3_1: configuring ...
libXi-1.8.3_1: installed successfully.
libXinerama-1.1.6_1: configuring ...
libXinerama-1.1.6_1: installed successfully.
libXrandr-1.5.5_1: configuring ...
libXrandr-1.5.5_1: installed successfully.
libXtst-1.2.5_2: configuring ...
libXtst-1.2.5_2: installed successfully.
at-spi2-core-2.56.5_1: configuring ...
at-spi2-core-2.56.5_1: installed successfully.
at-spi2-atk-2.56.5_1: configuring ...
at-spi2-atk-2.56.5_1: installed successfully.
lcms2-2.19.1_1: configuring ...
lcms2-2.19.1_1: installed successfully.
json-glib-1.10.8_1: configuring ...
json-glib-1.10.8_1: installed successfully.
libgusb-0.4.9_1: configuring ...
libgusb-0.4.9_1: installed successfully.
libcolord-1.4.7_1: configuring ...
libcolord-1.4.7_1: installed successfully.
avahi-libs-0.8_2: configuring ...
avahi-libs-0.8_2: installed successfully.
libcups-2.4.19_1: configuring ...
libcups-2.4.19_1: installed successfully.
libepoxy-1.5.10_1: configuring ...
libepoxy-1.5.10_1: installed successfully.
wayland-1.26.0_1: configuring ...
wayland-1.26.0_1: installed successfully.
libxkbfile-1.1.3_1: configuring ...
libxkbfile-1.1.3_1: installed successfully.
xkbcomp-1.5.0_1: configuring ...
xkbcomp-1.5.0_1: installed successfully.
xkeyboard-config-2.48_1: configuring ...
xkeyboard-config-2.48_1: installed successfully.
libxkbcommon-1.13.2_1: configuring ...
libxkbcommon-1.13.2_1: installed successfully.
gtk+3-3.24.52_1: configuring ...
gtk+3-3.24.52_1: installed successfully.
pangomm-2.46.2_1: configuring ...
pangomm-2.46.2_1: installed successfully.
gtkmm-3.24.8_1: configuring ...
gtkmm-3.24.8_1: installed successfully.
libpciaccess-0.19_1: configuring ...
libpciaccess-0.19_1: installed successfully.
libdrm-2.4.134_1: configuring ...
libdrm-2.4.134_1: installed successfully.
libmspack-0.10.1alpha_1: configuring ...
libmspack-0.10.1alpha_1: installed successfully.
libtirpc-1.3.7_2: configuring ...
libtirpc-1.3.7_2: installed successfully.
open-vm-tools-12.3.0_3: configuring ...
open-vm-tools-12.3.0_3: installed successfully.
mesa-vaapi-26.1.8_1: configuring ...
mesa-vaapi-26.1.8_1: installed successfully.
libglvnd-1.7.0_1: configuring ...
libglvnd-1.7.0_1: installed successfully.
libXxf86vm-1.1.6_2: configuring ...
libXxf86vm-1.1.6_2: installed successfully.
libz3-5.1.0_1: configuring ...
libz3-5.1.0_1: installed successfully.
libllvm21-21.1.7_1: configuring ...
libllvm21-21.1.7_1: installed successfully.
libsensors-3.6.0_2: configuring ...
libsensors-3.6.0_2: installed successfully.
libxshmfence-1.3.3_2: configuring ...
libxshmfence-1.3.3_2: installed successfully.
mesa-libgallium-26.1.8_1: configuring ...
mesa-libgallium-26.1.8_1: installed successfully.
libgbm-26.1.8_1: configuring ...
libgbm-26.1.8_1: installed successfully.
mesa-26.1.8_1: configuring ...
mesa-26.1.8_1: installed successfully.
mesa-dri-26.1.8_1: configuring ...
mesa-dri-26.1.8_1: installed successfully.
mesa-vmwgfx-dri-26.1.8_1: configuring ...
mesa-vmwgfx-dri-26.1.8_1: installed successfully.

79 downloaded, 79 installed, 0 updated, 79 configured, 0 removed, 0 on hold.
warning: vmtoolsd: unable to open supervise/control: file does not exist
warning: vmware-vmblock-fuse: unable to open supervise/control: file does not exist
========================================================================================================
[3/15] Installing core CLI utilities...
========================================================================================================
ERROR: Package `micro' already installed.
ERROR: Package `git' already installed.
ERROR: Package `wget' already installed.
ERROR: Package `nano' already installed.
[*] Updating repository `https://repo-de.voidlinux.org/current/x86_64-repodata' ...
34 packages will be downloaded:

  llhttp-9.4.1_1 
  libgit2-1.9-1.9.7_1 
  oniguruma-6.9.10_1 
  delta-0.19.2_1 
  htop-3.5.3_1 
  btop-1.4.7_1 
  make-4.4.1_1 
  xz-5.8.3_1 
  zip-3.0_6 
  unzip-6.0_15 
  cppdap-1.58.0+a_1 
  jsoncpp-1.9.8_1 
  rhash-1.4.6_2 
  libuv-1.52.1_1 
  cmake-4.2.2_3 
  curl-8.21.0_1 
  binutils-doc-2.44_2 
  binutils-libs-2.44_2 
  libdebuginfod-0.195_1 
  binutils-2.44_2 
  libgcc-devel-14.2.1+20250405_4 
  libstdc++-devel-14.2.1+20250405_4 
  libatomic-14.2.1+20250405_4 
  libatomic-devel-14.2.1+20250405_4 
  kernel-libc-headers-6.14_1 
  glibc-devel-2.41_1 
  gcc-14.2.1+20250405_4 
  net-tools-2.10_1 
  gping-1.19.0_1 
  ncdu-1.22_1 
  yyjson-0.12.0_1 
  fastfetch-2.67.1_1 
  mlocate-0.26_7 
  glow-3.0.0_1 
34 packages will be installed:

  llhttp-9.4.1_1 
  libgit2-1.9-1.9.7_1 
  oniguruma-6.9.10_1 
  delta-0.19.2_1 
  htop-3.5.3_1 
  btop-1.4.7_1 
  make-4.4.1_1 
  xz-5.8.3_1 
  zip-3.0_6 
  unzip-6.0_15 
  cppdap-1.58.0+a_1 
  jsoncpp-1.9.8_1 
  rhash-1.4.6_2 
  libuv-1.52.1_1 
  cmake-4.2.2_3 
  curl-8.21.0_1 
  binutils-doc-2.44_2 
  binutils-libs-2.44_2 
  libdebuginfod-0.195_1 
  binutils-2.44_2 
  libgcc-devel-14.2.1+20250405_4 
  libstdc++-devel-14.2.1+20250405_4 
  libatomic-14.2.1+20250405_4 
  libatomic-devel-14.2.1+20250405_4 
  kernel-libc-headers-6.14_1 
  glibc-devel-2.41_1 
  gcc-14.2.1+20250405_4 
  net-tools-2.10_1 
  gping-1.19.0_1 
  ncdu-1.22_1 
  yyjson-0.12.0_1 
  fastfetch-2.67.1_1 
  mlocate-0.26_7 
  glow-3.0.0_1 

Size to download:              127MB
Size required on disk:         425MB
Space available on disk:        30GB


[*] Downloading packages
llhttp-9.4.1_1.x86_64.xbps.sig2: [512B 100%] 21MB/s ETA: 00m00s
llhttp-9.4.1_1.x86_64.xbps.sig2: 512B [avg rate: 21MB/s]
llhttp-9.4.1_1.x86_64.xbps: [24KB 16%] 95MB/s ETA: 00m00s
llhttp-9.4.1_1.x86_64.xbps: 24KB [avg rate: 578MB/s]
llhttp-9.4.1_1: verifying RSA signature...
libgit2-1.9-1.9.7_1.x86_64.xbps.sig2: [512B 100%] 20MB/s ETA: 00m00s
libgit2-1.9-1.9.7_1.x86_64.xbps.sig2: 512B [avg rate: 20MB/s]
libgit2-1.9-1.9.7_1.x86_64.xbps: [760KB 0%] 100MB/s ETA: 00m00s
libgit2-1.9-1.9.7_1.x86_64.xbps: 760KB [avg rate: 19GB/s]
libgit2-1.9-1.9.7_1: verifying RSA signature...
oniguruma-6.9.10_1.x86_64.xbps.sig2: [512B 100%] 15MB/s ETA: 00m00s
oniguruma-6.9.10_1.x86_64.xbps.sig2: 512B [avg rate: 15MB/s]
oniguruma-6.9.10_1.x86_64.xbps: [195KB 2%] 91MB/s ETA: 00m00s
oniguruma-6.9.10_1.x86_64.xbps: 195KB [avg rate: 4431MB/s]
oniguruma-6.9.10_1: verifying RSA signature...
delta-0.19.2_1.x86_64.xbps.sig2: [512B 100%] 20MB/s ETA: 00m00s
delta-0.19.2_1.x86_64.xbps.sig2: 512B [avg rate: 20MB/s]
delta-0.19.2_1.x86_64.xbps: [2573KB 0%] 95MB/s ETA: 00m00s
delta-0.19.2_1.x86_64.xbps: 2573KB [avg rate: 60GB/s]
delta-0.19.2_1: verifying RSA signature...
htop-3.5.3_1.x86_64.xbps.sig2: [512B 100%] 20MB/s ETA: 00m00s
htop-3.5.3_1.x86_64.xbps.sig2: 512B [avg rate: 20MB/s]
htop-3.5.3_1.x86_64.xbps: [178KB 2%] 93MB/s ETA: 00m00s
htop-3.5.3_1.x86_64.xbps: 178KB [avg rate: 4139MB/s]
htop-3.5.3_1: verifying RSA signature...
btop-1.4.7_1.x86_64.xbps.sig2: [512B 100%] 15MB/s ETA: 00m00s
btop-1.4.7_1.x86_64.xbps.sig2: 512B [avg rate: 15MB/s]
btop-1.4.7_1.x86_64.xbps: [730KB 0%] 91MB/s ETA: 00m00s
btop-1.4.7_1.x86_64.xbps: 730KB [avg rate: 16GB/s]
btop-1.4.7_1: verifying RSA signature...
make-4.4.1_1.x86_64.xbps.sig2: [512B 100%] 20MB/s ETA: 00m00s
make-4.4.1_1.x86_64.xbps.sig2: 512B [avg rate: 20MB/s]
make-4.4.1_1.x86_64.xbps: [535KB 0%] 83MB/s ETA: 00m00s
make-4.4.1_1.x86_64.xbps: 535KB [avg rate: 11GB/s]
make-4.4.1_1: verifying RSA signature...
xz-5.8.3_1.x86_64.xbps.sig2: [512B 100%] 6250KB/s ETA: 00m00s
xz-5.8.3_1.x86_64.xbps.sig2: 512B [avg rate: 6250KB/s]
xz-5.8.3_1.x86_64.xbps: [460KB 0%] 89MB/s ETA: 00m00s
xz-5.8.3_1.x86_64.xbps: 460KB [avg rate: 10GB/s]
xz-5.8.3_1: verifying RSA signature...
zip-3.0_6.x86_64.xbps.sig2: [512B 100%] 22MB/s ETA: 00m00s
zip-3.0_6.x86_64.xbps.sig2: 512B [avg rate: 22MB/s]
zip-3.0_6.x86_64.xbps: [134KB 2%] 32MB/s ETA: 00m00s
zip-3.0_6.x86_64.xbps: 134KB [avg rate: 1083MB/s]
zip-3.0_6: verifying RSA signature...
unzip-6.0_15.x86_64.xbps.sig2: [512B 100%] 22MB/s ETA: 00m00s
unzip-6.0_15.x86_64.xbps.sig2: 512B [avg rate: 22MB/s]
unzip-6.0_15.x86_64.xbps: [143KB 2%] 51MB/s ETA: 00m00s
unzip-6.0_15.x86_64.xbps: 143KB [avg rate: 1808MB/s]
unzip-6.0_15: verifying RSA signature...
cppdap-1.58.0+a_1.x86_64.xbps.sig2: [512B 100%] 20MB/s ETA: 00m00s
cppdap-1.58.0+a_1.x86_64.xbps.sig2: 512B [avg rate: 20MB/s]
cppdap-1.58.0+a_1.x86_64.xbps: [388KB 1%] 95MB/s ETA: 00m00s
cppdap-1.58.0+a_1.x86_64.xbps: 388KB [avg rate: 9249MB/s]
cppdap-1.58.0+a_1: verifying RSA signature...
jsoncpp-1.9.8_1.x86_64.xbps.sig2: [512B 100%] 20MB/s ETA: 00m00s
jsoncpp-1.9.8_1.x86_64.xbps.sig2: 512B [avg rate: 20MB/s]
jsoncpp-1.9.8_1.x86_64.xbps: [90KB 4%] 89MB/s ETA: 00m00s
jsoncpp-1.9.8_1.x86_64.xbps: 90KB [avg rate: 1995MB/s]
jsoncpp-1.9.8_1: verifying RSA signature...
rhash-1.4.6_2.x86_64.xbps.sig2: [512B 100%] 20MB/s ETA: 00m00s
rhash-1.4.6_2.x86_64.xbps.sig2: 512B [avg rate: 20MB/s]
rhash-1.4.6_2.x86_64.xbps: [192KB 2%] 95MB/s ETA: 00m00s
rhash-1.4.6_2.x86_64.xbps: 192KB [avg rate: 4583MB/s]
rhash-1.4.6_2: verifying RSA signature...
libuv-1.52.1_1.x86_64.xbps.sig2: [512B 100%] 20MB/s ETA: 00m00s
libuv-1.52.1_1.x86_64.xbps.sig2: 512B [avg rate: 20MB/s]
libuv-1.52.1_1.x86_64.xbps: [100KB 4%] 95MB/s ETA: 00m00s
libuv-1.52.1_1.x86_64.xbps: 100KB [avg rate: 2376MB/s]
libuv-1.52.1_1: verifying RSA signature...
cmake-4.2.2_3.x86_64.xbps.sig2: [512B 100%] 19MB/s ETA: 00m00s
cmake-4.2.2_3.x86_64.xbps.sig2: 512B [avg rate: 19MB/s]
cmake-4.2.2_3.x86_64.xbps: [19MB 0%] 87MB/s ETA: 00m00s
cmake-4.2.2_3.x86_64.xbps: [19MB 0%] 12MB/s ETA: 01m41s
cmake-4.2.2_3.x86_64.xbps: [19MB 59%] 11MB/s ETA: 00m01s
cmake-4.2.2_3.x86_64.xbps: 19MB [avg rate: 19MB/s]
cmake-4.2.2_3: verifying RSA signature...
curl-8.21.0_1.x86_64.xbps.sig2: [512B 100%] 21MB/s ETA: 00m00s
curl-8.21.0_1.x86_64.xbps.sig2: 512B [avg rate: 21MB/s]
curl-8.21.0_1.x86_64.xbps: [269KB 1%] 93MB/s ETA: 00m00s
curl-8.21.0_1.x86_64.xbps: 269KB [avg rate: 6266MB/s]
curl-8.21.0_1: verifying RSA signature...
binutils-doc-2.44_2.x86_64.xbps.sig2: [512B 100%] 21MB/s ETA: 00m00s
binutils-doc-2.44_2.x86_64.xbps.sig2: 512B [avg rate: 21MB/s]
binutils-doc-2.44_2.x86_64.xbps: [777KB 0%] 91MB/s ETA: 00m00s
binutils-doc-2.44_2.x86_64.xbps: 777KB [avg rate: 17GB/s]
binutils-doc-2.44_2: verifying RSA signature...
binutils-libs-2.44_2.x86_64.xbps.sig2: [512B 100%] 19MB/s ETA: 00m00s
binutils-libs-2.44_2.x86_64.xbps.sig2: 512B [avg rate: 19MB/s]
binutils-libs-2.44_2.x86_64.xbps: [2374KB 0%] 95MB/s ETA: 00m00s
binutils-libs-2.44_2.x86_64.xbps: 2374KB [avg rate: 55GB/s]
binutils-libs-2.44_2: verifying RSA signature...
libdebuginfod-0.195_1.x86_64.xbps.sig2: [512B 100%] 21MB/s ETA: 00m00s
libdebuginfod-0.195_1.x86_64.xbps.sig2: 512B [avg rate: 21MB/s]
libdebuginfod-0.195_1.x86_64.xbps: [20KB 20%] 93MB/s ETA: 00m00s
libdebuginfod-0.195_1.x86_64.xbps: 20KB [avg rate: 457MB/s]
libdebuginfod-0.195_1: verifying RSA signature...
binutils-2.44_2.x86_64.xbps.sig2: [512B 100%] 22MB/s ETA: 00m00s
binutils-2.44_2.x86_64.xbps.sig2: 512B [avg rate: 22MB/s]
binutils-2.44_2.x86_64.xbps: [1958KB 0%] 93MB/s ETA: 00m00s
binutils-2.44_2.x86_64.xbps: [1958KB 79%] 11MB/s ETA: 00m00s
binutils-2.44_2.x86_64.xbps: 1958KB [avg rate: 14MB/s]
binutils-2.44_2: verifying RSA signature...
libgcc-devel-14.2.1+20250405_4.x86_64.xbps.sig2: [512B 100%] -- stalled -- ETA: 00m00s
libgcc-devel-14.2.1+20250405_4.x86_64.xbps.sig2: 512B [avg rate: -- stalled --]
libgcc-devel-14.2.1+20250405_4.x86_64.xbps: [1455KB 0%] 85MB/s ETA: 00m00s
libgcc-devel-14.2.1+20250405_4.x86_64.xbps: 1455KB [avg rate: 30GB/s]
libgcc-devel-14.2.1+20250405_4: verifying RSA signature...
libstdc++-devel-14.2.1+20250405_4.x86_64.xbps.sig2: [512B 100%] 18MB/s ETA: 00m00s
libstdc++-devel-14.2.1+20250405_4.x86_64.xbps.sig2: 512B [avg rate: 18MB/s]
libstdc++-devel-14.2.1+20250405_4.x86_64.xbps: [3008KB 0%] 89MB/s ETA: 00m00s
libstdc++-devel-14.2.1+20250405_4.x86_64.xbps: 3008KB [avg rate: 65GB/s]
libstdc++-devel-14.2.1+20250405_4: verifying RSA signature...
libatomic-14.2.1+20250405_4.x86_64.xbps.sig2: [512B 100%] 1166KB/s ETA: 00m00s
libatomic-14.2.1+20250405_4.x86_64.xbps.sig2: 512B [avg rate: 1166KB/s]
libatomic-14.2.1+20250405_4.x86_64.xbps: [11KB 37%] 29MB/s ETA: 00m00s
libatomic-14.2.1+20250405_4.x86_64.xbps: 11KB [avg rate: 77MB/s]
libatomic-14.2.1+20250405_4: verifying RSA signature...
libatomic-devel-14.2.1+20250405_4.x86_64.xbps.sig2: [512B 100%] 3472KB/s ETA: 00m00s
libatomic-devel-14.2.1+20250405_4.x86_64.xbps.sig2: 512B [avg rate: 3472KB/s]
libatomic-devel-14.2.1+20250405_4.x86_64.xbps: [11KB 35%] 49MB/s ETA: 00m00s
libatomic-devel-14.2.1+20250405_4.x86_64.xbps: 11KB [avg rate: 139MB/s]
libatomic-devel-14.2.1+20250405_4: verifying RSA signature...
kernel-libc-headers-6.14_1.x86_64.xbps.sig2: [512B 100%] 3067KB/s ETA: 00m00s
kernel-libc-headers-6.14_1.x86_64.xbps.sig2: 512B [avg rate: 3067KB/s]
kernel-libc-headers-6.14_1.x86_64.xbps: [1608KB 0%] -- stalled -- ETA: 00m00s
kernel-libc-headers-6.14_1.x86_64.xbps: 1608KB [avg rate: -- stalled --]
kernel-libc-headers-6.14_1: verifying RSA signature...
glibc-devel-2.41_1.x86_64.xbps.sig2: [512B 100%] 5952KB/s ETA: 00m00s
glibc-devel-2.41_1.x86_64.xbps.sig2: 512B [avg rate: 5952KB/s]
glibc-devel-2.41_1.x86_64.xbps: [3345KB 0%] -- stalled -- ETA: 00m00s
glibc-devel-2.41_1.x86_64.xbps: 3345KB [avg rate: -- stalled --]
glibc-devel-2.41_1: verifying RSA signature...
gcc-14.2.1+20250405_4.x86_64.xbps.sig2: [512B 100%] 21MB/s ETA: 00m00s
gcc-14.2.1+20250405_4.x86_64.xbps.sig2: 512B [avg rate: 21MB/s]
gcc-14.2.1+20250405_4.x86_64.xbps: [78MB 0%] 91MB/s ETA: 00m00s
gcc-14.2.1+20250405_4.x86_64.xbps: [78MB 12%] 11MB/s ETA: 00m06s
gcc-14.2.1+20250405_4.x86_64.xbps: [78MB 27%] 11MB/s ETA: 00m05s
gcc-14.2.1+20250405_4.x86_64.xbps: [78MB 41%] 11MB/s ETA: 00m04s
gcc-14.2.1+20250405_4.x86_64.xbps: [78MB 55%] 11MB/s ETA: 00m03s
gcc-14.2.1+20250405_4.x86_64.xbps: [78MB 70%] 11MB/s ETA: 00m02s
gcc-14.2.1+20250405_4.x86_64.xbps: [78MB 84%] 11MB/s ETA: 00m01s
gcc-14.2.1+20250405_4.x86_64.xbps: [78MB 99%] 11MB/s ETA: 00m00s
gcc-14.2.1+20250405_4.x86_64.xbps: 78MB [avg rate: 11MB/s]
gcc-14.2.1+20250405_4: verifying RSA signature...
net-tools-2.10_1.x86_64.xbps.sig2: [512B 100%] 7692KB/s ETA: 00m00s
net-tools-2.10_1.x86_64.xbps.sig2: 512B [avg rate: 7692KB/s]
net-tools-2.10_1.x86_64.xbps: [157KB 2%] -- stalled -- ETA: 00m00s
net-tools-2.10_1.x86_64.xbps: 157KB [avg rate: -- stalled --]
net-tools-2.10_1: verifying RSA signature...
gping-1.19.0_1.x86_64.xbps.sig2: [512B 100%] 8475KB/s ETA: 00m00s
gping-1.19.0_1.x86_64.xbps.sig2: 512B [avg rate: 8475KB/s]
gping-1.19.0_1.x86_64.xbps: [1158KB 0%] -- stalled -- ETA: 00m00s
gping-1.19.0_1.x86_64.xbps: 1158KB [avg rate: -- stalled --]
gping-1.19.0_1: verifying RSA signature...
ncdu-1.22_1.x86_64.xbps.sig2: [512B 100%] 5747KB/s ETA: 00m00s
ncdu-1.22_1.x86_64.xbps.sig2: 512B [avg rate: 5747KB/s]
ncdu-1.22_1.x86_64.xbps: [50KB 7%] -- stalled -- ETA: 00m00s
ncdu-1.22_1.x86_64.xbps: 50KB [avg rate: -- stalled --]
ncdu-1.22_1: verifying RSA signature...
yyjson-0.12.0_1.x86_64.xbps.sig2: [512B 100%] 9434KB/s ETA: 00m00s
yyjson-0.12.0_1.x86_64.xbps.sig2: 512B [avg rate: 9434KB/s]
yyjson-0.12.0_1.x86_64.xbps: [113KB 3%] 52MB/s ETA: 00m00s
yyjson-0.12.0_1.x86_64.xbps: 113KB [avg rate: 1469MB/s]
yyjson-0.12.0_1: verifying RSA signature...
fastfetch-2.67.1_1.x86_64.xbps.sig2: [512B 100%] -- stalled -- ETA: 00m00s
fastfetch-2.67.1_1.x86_64.xbps.sig2: 512B [avg rate: -- stalled --]
fastfetch-2.67.1_1.x86_64.xbps: [721KB 0%] 52MB/s ETA: 00m00s
fastfetch-2.67.1_1.x86_64.xbps: 721KB [avg rate: 9391MB/s]
fastfetch-2.67.1_1: verifying RSA signature...
mlocate-0.26_7.x86_64.xbps.sig2: [512B 100%] 5682KB/s ETA: 00m00s
mlocate-0.26_7.x86_64.xbps.sig2: 512B [avg rate: 5682KB/s]
mlocate-0.26_7.x86_64.xbps: [93KB 4%] -- stalled -- ETA: 00m00s
mlocate-0.26_7.x86_64.xbps: 93KB [avg rate: -- stalled --]
mlocate-0.26_7: verifying RSA signature...
glow-3.0.0_1.x86_64.xbps.sig2: [512B 100%] 7576KB/s ETA: 00m00s
glow-3.0.0_1.x86_64.xbps.sig2: 512B [avg rate: 7576KB/s]
glow-3.0.0_1.x86_64.xbps: [6071KB 0%] -- stalled -- ETA: 00m00s
glow-3.0.0_1.x86_64.xbps: [6071KB 86%] 11MB/s ETA: 00m00s
glow-3.0.0_1.x86_64.xbps: 6071KB [avg rate: 13MB/s]
Updating GTK+ icon cache for /usr/share/icons/hicolor...
Updating GTK+ icon cache for /usr/share/icons/hicolor...
glow-3.0.0_1: verifying RSA signature...

[*] Collecting package files
llhttp-9.4.1_1: collecting files...
libgit2-1.9-1.9.7_1: collecting files...
oniguruma-6.9.10_1: collecting files...
delta-0.19.2_1: collecting files...
htop-3.5.3_1: collecting files...
btop-1.4.7_1: collecting files...
make-4.4.1_1: collecting files...
xz-5.8.3_1: collecting files...
zip-3.0_6: collecting files...
unzip-6.0_15: collecting files...
cppdap-1.58.0+a_1: collecting files...
jsoncpp-1.9.8_1: collecting files...
rhash-1.4.6_2: collecting files...
libuv-1.52.1_1: collecting files...
cmake-4.2.2_3: collecting files...
curl-8.21.0_1: collecting files...
binutils-doc-2.44_2: collecting files...
binutils-libs-2.44_2: collecting files...
libdebuginfod-0.195_1: collecting files...
binutils-2.44_2: collecting files...
libgcc-devel-14.2.1+20250405_4: collecting files...
libstdc++-devel-14.2.1+20250405_4: collecting files...
libatomic-14.2.1+20250405_4: collecting files...
libatomic-devel-14.2.1+20250405_4: collecting files...
kernel-libc-headers-6.14_1: collecting files...
glibc-devel-2.41_1: collecting files...
gcc-14.2.1+20250405_4: collecting files...
net-tools-2.10_1: collecting files...
gping-1.19.0_1: collecting files...
ncdu-1.22_1: collecting files...
yyjson-0.12.0_1: collecting files...
fastfetch-2.67.1_1: collecting files...
mlocate-0.26_7: collecting files...
glow-3.0.0_1: collecting files...

[*] Unpacking packages
llhttp-9.4.1_1: unpacking ...
libgit2-1.9-1.9.7_1: unpacking ...
oniguruma-6.9.10_1: unpacking ...
delta-0.19.2_1: unpacking ...
htop-3.5.3_1: unpacking ...
btop-1.4.7_1: unpacking ...
make-4.4.1_1: unpacking ...
xz-5.8.3_1: unpacking ...
zip-3.0_6: unpacking ...
unzip-6.0_15: unpacking ...
cppdap-1.58.0+a_1: unpacking ...
jsoncpp-1.9.8_1: unpacking ...
rhash-1.4.6_2: unpacking ...
libuv-1.52.1_1: unpacking ...
cmake-4.2.2_3: unpacking ...
curl-8.21.0_1: unpacking ...
binutils-doc-2.44_2: unpacking ...
binutils-libs-2.44_2: unpacking ...
libdebuginfod-0.195_1: unpacking ...
binutils-2.44_2: unpacking ...
libgcc-devel-14.2.1+20250405_4: unpacking ...
libstdc++-devel-14.2.1+20250405_4: unpacking ...
libatomic-14.2.1+20250405_4: unpacking ...
libatomic-devel-14.2.1+20250405_4: unpacking ...
kernel-libc-headers-6.14_1: unpacking ...
glibc-devel-2.41_1: unpacking ...
gcc-14.2.1+20250405_4: unpacking ...
net-tools-2.10_1: unpacking ...
net-tools-2.10_1: registered 'hostname' alternatives group
net-tools-2.10_1: registered 'ifconfig' alternatives group
Creating 'ifconfig' alternatives group symlink: ifconfig -> /usr/bin/net-tools-ifconfig
Creating 'ifconfig' alternatives group symlink: /usr/share/man/man1/ifconfig.1 -> /usr/share/man/man8/net-tools-ifconfig.8
gping-1.19.0_1: unpacking ...
ncdu-1.22_1: unpacking ...
yyjson-0.12.0_1: unpacking ...
fastfetch-2.67.1_1: unpacking ...
mlocate-0.26_7: unpacking ...
mlocate-0.26_7: registered 'locate' alternatives group
Creating 'locate' alternatives group symlink: locate -> /usr/bin/mlocate
Creating 'locate' alternatives group symlink: locate.1 -> /usr/share/man/man1/mlocate.1
Creating 'locate' alternatives group symlink: locatedb.5 -> /usr/share/man/man5/mmlocate.db.5
Creating 'locate' alternatives group symlink: updatedb.conf.5 -> /usr/share/man/man5/mupdatedb.conf.5
Creating 'locate' alternatives group symlink: updatedb -> /usr/bin/mupdatedb
Creating 'locate' alternatives group symlink: updatedb.1 -> /usr/share/man/man1/mupdatedb.1
glow-3.0.0_1: unpacking ...

[*] Configuring unpacked packages
llhttp-9.4.1_1: configuring ...
llhttp-9.4.1_1: installed successfully.
libgit2-1.9-1.9.7_1: configuring ...
libgit2-1.9-1.9.7_1: installed successfully.
oniguruma-6.9.10_1: configuring ...
oniguruma-6.9.10_1: installed successfully.
delta-0.19.2_1: configuring ...
delta-0.19.2_1: installed successfully.
htop-3.5.3_1: configuring ...
htop-3.5.3_1: installed successfully.
btop-1.4.7_1: configuring ...
btop-1.4.7_1: installed successfully.
make-4.4.1_1: configuring ...
make-4.4.1_1: installed successfully.
xz-5.8.3_1: configuring ...
xz-5.8.3_1: installed successfully.
zip-3.0_6: configuring ...
zipCreated _mlocate system group.
Created _mlocate system user.
-3.0_6: installed successfully.
unzip-6.0_15: configuring ...
unzip-6.0_15: installed successfully.
cppdap-1.58.0+a_1: configuring ...
cppdap-1.58.0+a_1: installed successfully.
jsoncpp-1.9.8_1: configuring ...
jsoncpp-1.9.8_1: installed successfully.
rhash-1.4.6_2: configuring ...
rhash-1.4.6_2: installed successfully.
libuv-1.52.1_1: configuring ...
libuv-1.52.1_1: installed successfully.
cmake-4.2.2_3: configuring ...
cmake-4.2.2_3: installed successfully.
curl-8.21.0_1: configuring ...
curl-8.21.0_1: installed successfully.
binutils-doc-2.44_2: configuring ...
binutils-doc-2.44_2: installed successfully.
binutils-libs-2.44_2: configuring ...
binutils-libs-2.44_2: installed successfully.
libdebuginfod-0.195_1: configuring ...
libdebuginfod-0.195_1: installed successfully.
binutils-2.44_2: configuring ...
binutils-2.44_2: installed successfully.
libgcc-devel-14.2.1+20250405_4: configuring ...
libgcc-devel-14.2.1+20250405_4: installed successfully.
libstdc++-devel-14.2.1+20250405_4: configuring ...
libstdc++-devel-14.2.1+20250405_4: installed successfully.
libatomic-14.2.1+20250405_4: configuring ...
libatomic-14.2.1+20250405_4: installed successfully.
libatomic-devel-14.2.1+20250405_4: configuring ...
libatomic-devel-14.2.1+20250405_4: installed successfully.
kernel-libc-headers-6.14_1: configuring ...
kernel-libc-headers-6.14_1: installed successfully.
glibc-devel-2.41_1: configuring ...
glibc-devel-2.41_1: installed successfully.
gcc-14.2.1+20250405_4: configuring ...
gcc-14.2.1+20250405_4: installed successfully.
net-tools-2.10_1: configuring ...
net-tools-2.10_1: installed successfully.
gping-1.19.0_1: configuring ...
gping-1.19.0_1: installed successfully.
ncdu-1.22_1: configuring ...
ncdu-1.22_1: installed successfully.
yyjson-0.12.0_1: configuring ...
yyjson-0.12.0_1: installed successfully.
fastfetch-2.67.1_1: configuring ...
fastfetch-2.67.1_1: installed successfully.
mlocate-0.26_7: configuring ...
mlocate-0.26_7: installed successfully.
glow-3.0.0_1: configuring ...
glow-3.0.0_1: installed successfully.

34 downloaded, 34 installed, 0 updated, 34 configured, 0 removed, 0 on hold.
========================================================================================================
[4.1/15] Installing Xorg server ...
========================================================================================================
[*] Updating repository `https://repo-de.voidlinux.org/current/x86_64-repodata' ...
131 packages will be downloaded:

  font-alias-1.0.6_1 
  libfontenc-1.1.9_1 
  mkfontscale-1.2.4_1 
  font-util-1.4.2_1 
  encodings-1.1.0_1 
  font-adobe-100dpi-1.0.4_1 
  font-adobe-75dpi-1.0.4_1 
  font-adobe-utopia-100dpi-1.0.5_1 
  font-adobe-utopia-75dpi-1.0.5_1 
  font-adobe-utopia-type1-1.0.5_1 
  font-bh-100dpi-1.0.4_1 
  font-bh-75dpi-1.0.4_1 
  font-bh-lucidatypewriter-100dpi-1.0.4_1 
  font-bh-lucidatypewriter-75dpi-1.0.4_1 
  font-bh-ttf-1.0.4_1 
  font-bh-type1-1.0.4_1 
  font-bitstream-100dpi-1.0.4_1 
  font-bitstream-75dpi-1.0.4_1 
  font-bitstream-type1-1.0.4_1 
  font-cursor-misc-1.0.4_1 
  font-daewoo-misc-1.0.4_1 
  font-dec-misc-1.0.4_1 
  font-ibm-type1-1.0.4_1 
  font-isas-misc-1.0.4_1 
  font-jis-misc-1.0.4_1 
  font-misc-misc-1.1.3_1 
  font-mutt-misc-1.0.4_1 
  dejavu-fonts-ttf-2.37_3 
  xorg-fonts-7.6_5 
  mtdev-1.1.7_1 
  libevdev-1.13.6_1 
  xf86-input-evdev-2.11.0_1 
  xf86-input-synaptics-1.10.0_1 
  lua54-5.4.8_1 
  libgudev-238_1 
  libwacom-2.19.1_1 
  libinput-1.31.3_1 
  xf86-input-libinput-1.5.0_1 
  xf86-input-wacom-1.2.4_1 
  xf86-input-vmmouse-13.2.0_1 
  xorg-input-drivers-7.6_4 
  xf86-video-fbdev-0.5.1_1 
  xf86-video-dummy-0.4.1_1 
  xf86-video-vesa-2.6.0_1 
  xf86-video-ati-22.0.0_1 
  xf86-video-amdgpu-23.0.0_1 
  xf86-video-nouveau-1.0.18_1 
  xorg-video-drivers-7.6_24 
  xorg-7.6_6 
  xorg-server-common-21.1.24_1 
  libXfont2-2.0.7_2 
  libxcvt-0.1.3_1 
  xorg-server-21.1.24_1 
  libICE-1.1.2_1 
  iceauth-1.0.11_1 
  libSM-1.2.6_1 
  libXt-1.3.1_2 
  libXmu-1.3.1_1 
  oclock-1.0.6_1 
  sessreg-1.1.4_1 
  setxkbmap-1.3.5_1 
  smproxy-1.0.8_1 
  transset-1.0.4_1 
  libXft-2.3.9_2 
  x11perf-1.6.1_1 
  xauth-1.1.5_1 
  xcb-util-0.4.1_1 
  xbacklight-1.2.4_1 
  libXpm-3.5.19_1 
  libXaw-1.0.16_1 
  xcalc-1.1.3_1 
  xclipboard-1.1.6_1 
  xclock-1.2.1_1 
  xcmsdb-1.0.7_1 
  xconsole-1.1.1_1 
  xcursorgen-1.0.9_1 
  xdpyinfo-1.4.0_1 
  xev-1.2.6_1 
  xeyes-1.3.1_1 
  xfontsel-1.1.2_1 
  xgamma-1.0.8_1 
  xhost-1.0.10_1 
  xinput-1.6.4_1 
  xkbevd-1.1.6_1 
  xkbutils-1.0.7_1 
  xkill-1.0.7_1 
  xload-1.2.2_1 
  xlogo-1.0.7_1 
  xlsatoms-1.1.5_1 
  xlsclients-1.1.6_1 
  xmessage-1.0.7_1 
  xmodmap-1.0.12_1 
  xpr-1.2.1_1 
  xprop-1.2.8_1 
  libmcpp-2.7.2_8 
  mcpp-2.7.2_8 
  xrdb-1.2.3_1 
  xrefresh-1.1.1_1 
  xset-1.2.6_1 
  xsetroot-1.1.4_1 
  libXv-1.0.13_2 
  xvinfo-1.1.6_1 
  xwd-1.0.10_1 
  xwininfo-1.1.7_1 
  xwud-1.0.8_1 
  xorg-apps-7.6_9 
  xrandr-1.5.4_1 
  xterm-411_1 
  perl-LWP-MediaTypes-6.04_2 
  perl-Encode-Locale-1.05_3 
  perl-Clone-0.46_4 
  perl-HTTP-Date-6.05_2 
  perl-IO-HTML-1.004_1 
  perl-Try-Tiny-0.32_1 
  perl-HTTP-Message-6.45_1 
  perl-File-Listing-6.16_1 
  perl-HTTP-Negotiate-6.01_6 
  perl-HTTP-Daemon-6.16_1 
  perl-Net-HTTP-6.24_1 
  perl-HTTP-Cookies-6.10_1 
  perl-WWW-RobotRules-6.02_6 
  perl-HTML-Tagset-3.20_8 
  perl-HTML-Parser-3.76_5 
  perl-LWP-6.80_1 
  glu-9.0.3_1 
  xscreensaver-6.15_1 
  twm-1.0.13.1_1 
  xinit-1.4.4_1 
  xsel-1.2.1_1 
  xclip-0.13_2 
  xcolor-0.5.1_2 
131 packages will be installed:

  font-alias-1.0.6_1 
  libfontenc-1.1.9_1 
  mkfontscale-1.2.4_1 
  font-util-1.4.2_1 
  encodings-1.1.0_1 
  font-adobe-100dpi-1.0.4_1 
  font-adobe-75dpi-1.0.4_1 
  font-adobe-utopia-100dpi-1.0.5_1 
  font-adobe-utopia-75dpi-1.0.5_1 
  font-adobe-utopia-type1-1.0.5_1 
  font-bh-100dpi-1.0.4_1 
  font-bh-75dpi-1.0.4_1 
  font-bh-lucidatypewriter-100dpi-1.0.4_1 
  font-bh-lucidatypewriter-75dpi-1.0.4_1 
  font-bh-ttf-1.0.4_1 
  font-bh-type1-1.0.4_1 
  font-bitstream-100dpi-1.0.4_1 
  font-bitstream-75dpi-1.0.4_1 
  font-bitstream-type1-1.0.4_1 
  font-cursor-misc-1.0.4_1 
  font-daewoo-misc-1.0.4_1 
  font-dec-misc-1.0.4_1 
  font-ibm-type1-1.0.4_1 
  font-isas-misc-1.0.4_1 
  font-jis-misc-1.0.4_1 
  font-misc-misc-1.1.3_1 
  font-mutt-misc-1.0.4_1 
  dejavu-fonts-ttf-2.37_3 
  xorg-fonts-7.6_5 
  mtdev-1.1.7_1 
  libevdev-1.13.6_1 
  xf86-input-evdev-2.11.0_1 
  xf86-input-synaptics-1.10.0_1 
  lua54-5.4.8_1 
  libgudev-238_1 
  libwacom-2.19.1_1 
  libinput-1.31.3_1 
  xf86-input-libinput-1.5.0_1 
  xf86-input-wacom-1.2.4_1 
  xf86-input-vmmouse-13.2.0_1 
  xorg-input-drivers-7.6_4 
  xf86-video-fbdev-0.5.1_1 
  xf86-video-dummy-0.4.1_1 
  xf86-video-vesa-2.6.0_1 
  xf86-video-ati-22.0.0_1 
  xf86-video-amdgpu-23.0.0_1 
  xf86-video-nouveau-1.0.18_1 
  xorg-video-drivers-7.6_24 
  xorg-7.6_6 
  xorg-server-common-21.1.24_1 
  libXfont2-2.0.7_2 
  libxcvt-0.1.3_1 
  xorg-server-21.1.24_1 
  libICE-1.1.2_1 
  iceauth-1.0.11_1 
  libSM-1.2.6_1 
  libXt-1.3.1_2 
  libXmu-1.3.1_1 
  oclock-1.0.6_1 
  sessreg-1.1.4_1 
  setxkbmap-1.3.5_1 
  smproxy-1.0.8_1 
  transset-1.0.4_1 
  libXft-2.3.9_2 
  x11perf-1.6.1_1 
  xauth-1.1.5_1 
  xcb-util-0.4.1_1 
  xbacklight-1.2.4_1 
  libXpm-3.5.19_1 
  libXaw-1.0.16_1 
  xcalc-1.1.3_1 
  xclipboard-1.1.6_1 
  xclock-1.2.1_1 
  xcmsdb-1.0.7_1 
  xconsole-1.1.1_1 
  xcursorgen-1.0.9_1 
  xdpyinfo-1.4.0_1 
  xev-1.2.6_1 
  xeyes-1.3.1_1 
  xfontsel-1.1.2_1 
  xgamma-1.0.8_1 
  xhost-1.0.10_1 
  xinput-1.6.4_1 
  xkbevd-1.1.6_1 
  xkbutils-1.0.7_1 
  xkill-1.0.7_1 
  xload-1.2.2_1 
  xlogo-1.0.7_1 
  xlsatoms-1.1.5_1 
  xlsclients-1.1.6_1 
  xmessage-1.0.7_1 
  xmodmap-1.0.12_1 
  xpr-1.2.1_1 
  xprop-1.2.8_1 
  libmcpp-2.7.2_8 
  mcpp-2.7.2_8 
  xrdb-1.2.3_1 
  xrefresh-1.1.1_1 
  xset-1.2.6_1 
  xsetroot-1.1.4_1 
  libXv-1.0.13_2 
  xvinfo-1.1.6_1 
  xwd-1.0.10_1 
  xwininfo-1.1.7_1 
  xwud-1.0.8_1 
  xorg-apps-7.6_9 
  xrandr-1.5.4_1 
  xterm-411_1 
  perl-LWP-MediaTypes-6.04_2 
  perl-Encode-Locale-1.05_3 
  perl-Clone-0.46_4 
  perl-HTTP-Date-6.05_2 
  perl-IO-HTML-1.004_1 
  perl-Try-Tiny-0.32_1 
  perl-HTTP-Message-6.45_1 
  perl-File-Listing-6.16_1 
  perl-HTTP-Negotiate-6.01_6 
  perl-HTTP-Daemon-6.16_1 
  perl-Net-HTTP-6.24_1 
  perl-HTTP-Cookies-6.10_1 
  perl-WWW-RobotRules-6.02_6 
  perl-HTML-Tagset-3.20_8 
  perl-HTML-Parser-3.76_5 
  perl-LWP-6.80_1 
  glu-9.0.3_1 
  xscreensaver-6.15_1 
  twm-1.0.13.1_1 
  xinit-1.4.4_1 
  xsel-1.2.1_1 
  xclip-0.13_2 
  xcolor-0.5.1_2 

Size to download:              111MB
Size required on disk:         168MB
Space available on disk:        29GB


[*] Downloading packages
font-alias-1.0.6_1.x86_64.xbps.sig2: [512B 100%] 22MB/s ETA: 00m00s
font-alias-1.0.6_1.x86_64.xbps.sig2: 512B [avg rate: 22MB/s]
font-alias-1.0.6_1.x86_64.xbps: [3081B 100%] 73MB/s ETA: 00m00s
font-alias-1.0.6_1.x86_64.xbps: 3081B [avg rate: 73MB/s]
font-alias-1.0.6_1: verifying RSA signature...
libfontenc-1.1.9_1.x86_64.xbps.sig2: [512B 100%] 20MB/s ETA: 00m00s
libfontenc-1.1.9_1.x86_64.xbps.sig2: 512B [avg rate: 20MB/s]
libfontenc-1.1.9_1.x86_64.xbps: [14KB 28%] 95MB/s ETA: 00m00s
libfontenc-1.1.9_1.x86_64.xbps: 14KB [avg rate: 331MB/s]
libfontenc-1.1.9_1: verifying RSA signature...
mkfontscale-1.2.4_1.x86_64.xbps.sig2: [512B 100%] 21MB/s ETA: 00m00s
mkfontscale-1.2.4_1.x86_64.xbps.sig2: 512B [avg rate: 21MB/s]
mkfontscale-1.2.4_1.x86_64.xbps: [24KB 16%] 95MB/s ETA: 00m00s
mkfontscale-1.2.4_1.x86_64.xbps: 24KB [avg rate: 562MB/s]
mkfontscale-1.2.4_1: verifying RSA signature...
font-util-1.4.2_1.x86_64.xbps.sig2: [512B 100%] 18MB/s ETA: 00m00s
font-util-1.4.2_1.x86_64.xbps.sig2: 512B [avg rate: 18MB/s]
font-util-1.4.2_1.x86_64.xbps: [35KB 11%] 95MB/s ETA: 00m00s
font-util-1.4.2_1.x86_64.xbps: 35KB [avg rate: 827MB/s]
font-util-1.4.2_1: verifying RSA signature...
encodings-1.1.0_1.x86_64.xbps.sig2: [512B 100%] 20MB/s ETA: 00m00s
encodings-1.1.0_1.x86_64.xbps.sig2: 512B [avg rate: 20MB/s]
encodings-1.1.0_1.x86_64.xbps: [588KB 0%] 95MB/s ETA: 00m00s
encodings-1.1.0_1.x86_64.xbps: 588KB [avg rate: 14GB/s]
encodings-1.1.0_1: verifying RSA signature...
font-adobe-100dpi-1.0.4_1.x86_64.xbps.sig2: [512B 100%] 20MB/s ETA: 00m00s
font-adobe-100dpi-1.0.4_1.x86_64.xbps.sig2: 512B [avg rate: 20MB/s]
font-adobe-100dpi-1.0.4_1.x86_64.xbps: [6132KB 0%] 98MB/s ETA: 00m00s
font-adobe-100dpi-1.0.4_1.x86_64.xbps: [6132KB 82%] 11MB/s ETA: 00m00s
font-adobe-100dpi-1.0.4_1.x86_64.xbps: 6132KB [avg rate: 14MB/s]
font-adobe-100dpi-1.0.4_1: verifying RSA signature...
font-adobe-75dpi-1.0.4_1.x86_64.xbps.sig2: [512B 100%] 24MB/s ETA: 00m00s
font-adobe-75dpi-1.0.4_1.x86_64.xbps.sig2: 512B [avg rate: 24MB/s]
font-adobe-75dpi-1.0.4_1.x86_64.xbps: [5438KB 0%] 100MB/s ETA: 00m00s
font-adobe-75dpi-1.0.4_1.x86_64.xbps: 5438KB [avg rate: 133GB/s]
font-adobe-75dpi-1.0.4_1: verifying RSA signature...
font-adobe-utopia-100dpi-1.0.5_1.x86_64.xbps.sig2: [512B 100%] 20MB/s ETA: 00m00s
font-adobe-utopia-100dpi-1.0.5_1.x86_64.xbps.sig2: 512B [avg rate: 20MB/s]
font-adobe-utopia-100dpi-1.0.5_1.x86_64.xbps: [1446KB 0%] 91MB/s ETA: 00m00s
font-adobe-utopia-100dpi-1.0.5_1.x86_64.xbps: [1446KB 63%] 12MB/s ETA: 00m00s
font-adobe-utopia-100dpi-1.0.5_1.x86_64.xbps: 1446KB [avg rate: 18MB/s]
font-adobe-utopia-100dpi-1.0.5_1: verifying RSA signature...
font-adobe-utopia-75dpi-1.0.5_1.x86_64.xbps.sig2: [512B 100%] 20MB/s ETA: 00m00s
font-adobe-utopia-75dpi-1.0.5_1.x86_64.xbps.sig2: 512B [avg rate: 20MB/s]
font-adobe-utopia-75dpi-1.0.5_1.x86_64.xbps: [1204KB 0%] 98MB/s ETA: 00m00s
font-adobe-utopia-75dpi-1.0.5_1.x86_64.xbps: 1204KB [avg rate: 29GB/s]
font-adobe-utopia-75dpi-1.0.5_1: verifying RSA signature...
font-adobe-utopia-type1-1.0.5_1.x86_64.xbps.sig2: [512B 100%] 20MB/s ETA: 00m00s
font-adobe-utopia-type1-1.0.5_1.x86_64.xbps.sig2: 512B [avg rate: 20MB/s]
font-adobe-utopia-type1-1.0.5_1.x86_64.xbps: [175KB 2%] 95MB/s ETA: 00m00s
font-adobe-utopia-type1-1.0.5_1.x86_64.xbps: 175KB [avg rate: 4176MB/s]
font-adobe-utopia-type1-1.0.5_1: verifying RSA signature...
font-bh-100dpi-1.0.4_1.x86_64.xbps.sig2: [512B 100%] 19MB/s ETA: 00m00s
font-bh-100dpi-1.0.4_1.x86_64.xbps.sig2: 512B [avg rate: 19MB/s]
font-bh-100dpi-1.0.4_1.x86_64.xbps: [3735KB 0%] 95MB/s ETA: 00m00s
font-bh-100dpi-1.0.4_1.x86_64.xbps: [3735KB 89%] 11MB/s ETA: 00m00s
font-bh-100dpi-1.0.4_1.x86_64.xbps: 3735KB [avg rate: 13MB/s]
font-bh-100dpi-1.0.4_1: verifying RSA signature...
font-bh-75dpi-1.0.4_1.x86_64.xbps.sig2: [512B 100%] 20MB/s ETA: 00m00s
font-bh-75dpi-1.0.4_1.x86_64.xbps.sig2: 512B [avg rate: 20MB/s]
font-bh-75dpi-1.0.4_1.x86_64.xbps: [3216KB 0%] -- stalled -- ETA: 00m00s
font-bh-75dpi-1.0.4_1.x86_64.xbps: 3216KB [avg rate: -- stalled --]
font-bh-75dpi-1.0.4_1: verifying RSA signature...
font-bh-lucidatypewriter-100dpi-1.0.4_1.x86_64.xbps.sig2: [512B 100%] 20MB/s ETA: 00m00s
font-bh-lucidatypewriter-100dpi-1.0.4_1.x86_64.xbps.sig2: 512B [avg rate: 20MB/s]
font-bh-lucidatypewriter-100dpi-1.0.4_1.x86_64.xbps: [845KB 0%] 95MB/s ETA: 00m00s
font-bh-lucidatypewriter-100dpi-1.0.4_1.x86_64.xbps: 845KB [avg rate: 20GB/s]
font-bh-lucidatypewriter-100dpi-1.0.4_1: verifying RSA signature...
font-bh-lucidatypewriter-75dpi-1.0.4_1.x86_64.xbps.sig2: [512B 100%] 22MB/s ETA: 00m00s
font-bh-lucidatypewriter-75dpi-1.0.4_1.x86_64.xbps.sig2: 512B [avg rate: 22MB/s]
font-bh-lucidatypewriter-75dpi-1.0.4_1.x86_64.xbps: [739KB 0%] 98MB/s ETA: 00m00s
font-bh-lucidatypewriter-75dpi-1.0.4_1.x86_64.xbps: 739KB [avg rate: 18GB/s]
font-bh-lucidatypewriter-75dpi-1.0.4_1: verifying RSA signature...
font-bh-ttf-1.0.4_1.x86_64.xbps.sig2: [512B 100%] 20MB/s ETA: 00m00s
font-bh-ttf-1.0.4_1.x86_64.xbps.sig2: 512B [avg rate: 20MB/s]
font-bh-ttf-1.0.4_1.x86_64.xbps: [314KB 1%] 89MB/s ETA: 00m00s
font-bh-ttf-1.0.4_1.x86_64.xbps: 314KB [avg rate: 6977MB/s]
font-bh-ttf-1.0.4_1: verifying RSA signature...
font-bh-type1-1.0.4_1.x86_64.xbps.sig2: [512B 100%] 20MB/s ETA: 00m00s
font-bh-type1-1.0.4_1.x86_64.xbps.sig2: 512B [avg rate: 20MB/s]
font-bh-type1-1.0.4_1.x86_64.xbps: [556KB 0%] 98MB/s ETA: 00m00s
font-bh-type1-1.0.4_1.x86_64.xbps: 556KB [avg rate: 13GB/s]
font-bh-type1-1.0.4_1: verifying RSA signature...
font-bitstream-100dpi-1.0.4_1.x86_64.xbps.sig2: [512B 100%] 22MB/s ETA: 00m00s
font-bitstream-100dpi-1.0.4_1.x86_64.xbps.sig2: 512B [avg rate: 22MB/s]
font-bitstream-100dpi-1.0.4_1.x86_64.xbps: [161KB 2%] 98MB/s ETA: 00m00s
font-bitstream-100dpi-1.0.4_1.x86_64.xbps: 161KB [avg rate: 3921MB/s]
font-bitstream-100dpi-1.0.4_1: verifying RSA signature...
font-bitstream-75dpi-1.0.4_1.x86_64.xbps.sig2: [512B 100%] 20MB/s ETA: 00m00s
font-bitstream-75dpi-1.0.4_1.x86_64.xbps.sig2: 512B [avg rate: 20MB/s]
font-bitstream-75dpi-1.0.4_1.x86_64.xbps: [141KB 2%] 93MB/s ETA: 00m00s
font-bitstream-75dpi-1.0.4_1.x86_64.xbps: 141KB [avg rate: 3281MB/s]
font-bitstream-75dpi-1.0.4_1: verifying RSA signature...
font-bitstream-type1-1.0.4_1.x86_64.xbps.sig2: [512B 100%] 19MB/s ETA: 00m00s
font-bitstream-type1-1.0.4_1.x86_64.xbps.sig2: 512B [avg rate: 19MB/s]
font-bitstream-type1-1.0.4_1.x86_64.xbps: [301KB 1%] 91MB/s ETA: 00m00s
font-bitstream-type1-1.0.4_1.x86_64.xbps: 301KB [avg rate: 6841MB/s]
font-bitstream-type1-1.0.4_1: verifying RSA signature...
font-cursor-misc-1.0.4_1.x86_64.xbps.sig2: [512B 100%] 22MB/s ETA: 00m00s
font-cursor-misc-1.0.4_1.x86_64.xbps.sig2: 512B [avg rate: 22MB/s]
font-cursor-misc-1.0.4_1.x86_64.xbps: [7023B 58%] 89MB/s ETA: 00m00s
font-cursor-misc-1.0.4_1.x86_64.xbps: 7023B [avg rate: 152MB/s]
font-cursor-misc-1.0.4_1: verifying RSA signature...
font-daewoo-misc-1.0.4_1.x86_64.xbps.sig2: [512B 100%] 18MB/s ETA: 00m00s
font-daewoo-misc-1.0.4_1.x86_64.xbps.sig2: 512B [avg rate: 18MB/s]
font-daewoo-misc-1.0.4_1.x86_64.xbps: [655KB 0%] 95MB/s ETA: 00m00s
font-daewoo-misc-1.0.4_1.x86_64.xbps: 655KB [avg rate: 15GB/s]
font-daewoo-misc-1.0.4_1: verifying RSA signature...
font-dec-misc-1.0.4_1.x86_64.xbps.sig2: [512B 100%] 19MB/s ETA: 00m00s
font-dec-misc-1.0.4_1.x86_64.xbps.sig2: 512B [avg rate: 19MB/s]
font-dec-misc-1.0.4_1.x86_64.xbps: [5872B 69%] 98MB/s ETA: 00m00s
font-dec-misc-1.0.4_1.x86_64.xbps: 5872B [avg rate: 140MB/s]
font-dec-misc-1.0.4_1: verifying RSA signature...
font-ibm-type1-1.0.4_1.x86_64.xbps.sig2: [512B 100%] 20MB/s ETA: 00m00s
font-ibm-type1-1.0.4_1.x86_64.xbps.sig2: 512B [avg rate: 20MB/s]
font-ibm-type1-1.0.4_1.x86_64.xbps: [285KB 1%] 98MB/s ETA: 00m00s
font-ibm-type1-1.0.4_1.x86_64.xbps: 285KB [avg rate: 6958MB/s]
font-ibm-type1-1.0.4_1: verifying RSA signature...
font-isas-misc-1.0.4_1.x86_64.xbps.sig2: [512B 100%] 19MB/s ETA: 00m00s
font-isas-misc-1.0.4_1.x86_64.xbps.sig2: 512B [avg rate: 19MB/s]
font-isas-misc-1.0.4_1.x86_64.xbps: [795KB 0%] 71MB/s ETA: 00m00s
font-isas-misc-1.0.4_1.x86_64.xbps: [795KB 52%] 12MB/s ETA: 00m00s
font-isas-misc-1.0.4_1.x86_64.xbps: 795KB [avg rate: 22MB/s]
font-isas-misc-1.0.4_1: verifying RSA signature...
font-jis-misc-1.0.4_1.x86_64.xbps.sig2: [512B 100%] 20MB/s ETA: 00m00s
font-jis-misc-1.0.4_1.x86_64.xbps.sig2: 512B [avg rate: 20MB/s]
font-jis-misc-1.0.4_1.x86_64.xbps: [553KB 0%] 91MB/s ETA: 00m00s
font-jis-misc-1.0.4_1.x86_64.xbps: 553KB [avg rate: 12GB/s]
font-jis-misc-1.0.4_1: verifying RSA signature...
font-misc-misc-1.1.3_1.x86_64.xbps.sig2: [512B 100%] 20MB/s ETA: 00m00s
font-misc-misc-1.1.3_1.x86_64.xbps.sig2: 512B [avg rate: 20MB/s]
font-misc-misc-1.1.3_1.x86_64.xbps: [3548KB 0%] 98MB/s ETA: 00m00s
font-misc-misc-1.1.3_1.x86_64.xbps: 3548KB [avg rate: 85GB/s]
font-misc-misc-1.1.3_1: verifying RSA signature...
font-mutt-misc-1.0.4_1.x86_64.xbps.sig2: [512B 100%] 21MB/s ETA: 00m00s
font-mutt-misc-1.0.4_1.x86_64.xbps.sig2: 512B [avg rate: 21MB/s]
font-mutt-misc-1.0.4_1.x86_64.xbps: [234KB 1%] 87MB/s ETA: 00m00s
font-mutt-misc-1.0.4_1.x86_64.xbps: 234KB [avg rate: 5085MB/s]
font-mutt-misc-1.0.4_1: verifying RSA signature...
dejavu-fonts-ttf-2.37_3.x86_64.xbps.sig2: [512B 100%] 23MB/s ETA: 00m00s
dejavu-fonts-ttf-2.37_3.x86_64.xbps.sig2: 512B [avg rate: 23MB/s]
dejavu-fonts-ttf-2.37_3.x86_64.xbps: [3018KB 0%] 91MB/s ETA: 00m00s
dejavu-fonts-ttf-2.37_3.x86_64.xbps: 3018KB [avg rate: 67GB/s]
dejavu-fonts-ttf-2.37_3: verifying RSA signature...
xorg-fonts-7.6_5.x86_64.xbps.sig2: [512B 100%] 17MB/s ETA: 00m00s
xorg-fonts-7.6_5.x86_64.xbps.sig2: 512B [avg rate: 17MB/s]
xorg-fonts-7.6_5.x86_64.xbps: [748B 100%] 27MB/s ETA: 00m00s
xorg-fonts-7.6_5.x86_64.xbps: 748B [avg rate: 27MB/s]
xorg-fonts-7.6_5: verifying RSA signature...
mtdev-1.1.7_1.x86_64.xbps.sig2: [512B 100%] 22MB/s ETA: 00m00s
mtdev-1.1.7_1.x86_64.xbps.sig2: 512B [avg rate: 22MB/s]
mtdev-1.1.7_1.x86_64.xbps: [14KB 28%] 95MB/s ETA: 00m00s
mtdev-1.1.7_1.x86_64.xbps: 14KB [avg rate: 329MB/s]
mtdev-1.1.7_1: verifying RSA signature...
libevdev-1.13.6_1.x86_64.xbps.sig2: [512B 100%] 21MB/s ETA: 00m00s
libevdev-1.13.6_1.x86_64.xbps.sig2: 512B [avg rate: 21MB/s]
libevdev-1.13.6_1.x86_64.xbps: [36KB 11%] 74MB/s ETA: 00m00s
libevdev-1.13.6_1.x86_64.xbps: 36KB [avg rate: 668MB/s]
libevdev-1.13.6_1: verifying RSA signature...
xf86-input-evdev-2.11.0_1.x86_64.xbps.sig2: [512B 100%] 18MB/s ETA: 00m00s
xf86-input-evdev-2.11.0_1.x86_64.xbps.sig2: 512B [avg rate: 18MB/s]
xf86-input-evdev-2.11.0_1.x86_64.xbps: [35KB 11%] 98MB/s ETA: 00m00s
xf86-input-evdev-2.11.0_1.x86_64.xbps: 35KB [avg rate: 844MB/s]
xf86-input-evdev-2.11.0_1: verifying RSA signature...
xf86-input-synaptics-1.10.0_1.x86_64.xbps.sig2: [512B 100%] 20MB/s ETA: 00m00s
xf86-input-synaptics-1.10.0_1.x86_64.xbps.sig2: 512B [avg rate: 20MB/s]
xf86-input-synaptics-1.10.0_1.x86_64.xbps: [59KB 6%] 98MB/s ETA: 00m00s
xf86-input-synaptics-1.10.0_1.x86_64.xbps: 59KB [avg rate: 1438MB/s]
xf86-input-synaptics-1.10.0_1: verifying RSA signature...
lua54-5.4.8_1.x86_64.xbps.sig2: [512B 100%] 22MB/s ETA: 00m00s
lua54-5.4.8_1.x86_64.xbps.sig2: 512B [avg rate: 22MB/s]
lua54-5.4.8_1.x86_64.xbps: [190KB 2%] -- stalled -- ETA: 00m00s
lua54-5.4.8_1.x86_64.xbps: 190KB [avg rate: -- stalled --]
lua54-5.4.8_1: verifying RSA signature...
libgudev-238_1.x86_64.xbps.sig2: [512B 100%] 21MB/s ETA: 00m00s
libgudev-238_1.x86_64.xbps.sig2: 512B [avg rate: 21MB/s]
libgudev-238_1.x86_64.xbps: [16KB 25%] 98MB/s ETA: 00m00s
libgudev-238_1.x86_64.xbps: 16KB [avg rate: 390MB/s]
libgudev-238_1: verifying RSA signature...
libwacom-2.19.1_1.x86_64.xbps.sig2: [512B 100%] 20MB/s ETA: 00m00s
libwacom-2.19.1_1.x86_64.xbps.sig2: 512B [avg rate: 20MB/s]
libwacom-2.19.1_1.x86_64.xbps: [181KB 2%] 98MB/s ETA: 00m00s
libwacom-2.19.1_1.x86_64.xbps: 181KB [avg rate: 4415MB/s]
libwacom-2.19.1_1: verifying RSA signature...
libinput-1.31.3_1.x86_64.xbps.sig2: [512B 100%] 19MB/s ETA: 00m00s
libinput-1.31.3_1.x86_64.xbps.sig2: 512B [avg rate: 19MB/s]
libinput-1.31.3_1.x86_64.xbps: [328KB 1%] 112MB/s ETA: 00m00s
libinput-1.31.3_1.x86_64.xbps: 328KB [avg rate: 9148MB/s]
libinput-1.31.3_1: verifying RSA signature...
xf86-input-libinput-1.5.0_1.x86_64.xbps.sig2: [512B 100%] 20MB/s ETA: 00m00s
xf86-input-libinput-1.5.0_1.x86_64.xbps.sig2: 512B [avg rate: 20MB/s]
xf86-input-libinput-1.5.0_1.x86_64.xbps: [45KB 8%] 95MB/s ETA: 00m00s
xf86-input-libinput-1.5.0_1.x86_64.xbps: 45KB [avg rate: 1079MB/s]
xf86-input-libinput-1.5.0_1: verifying RSA signature...
xf86-input-wacom-1.2.4_1.x86_64.xbps.sig2: [512B 100%] 21MB/s ETA: 00m00s
xf86-input-wacom-1.2.4_1.x86_64.xbps.sig2: 512B [avg rate: 21MB/s]
xf86-input-wacom-1.2.4_1.x86_64.xbps: [97KB 4%] 95MB/s ETA: 00m00s
xf86-input-wacom-1.2.4_1.x86_64.xbps: 97KB [avg rate: 2312MB/s]
xf86-input-wacom-1.2.4_1: verifying RSA signature...
xf86-input-vmmouse-13.2.0_1.x86_64.xbps.sig2: [512B 100%] 8621KB/s ETA: 00m00s
xf86-input-vmmouse-13.2.0_1.x86_64.xbps.sig2: 512B [avg rate: 8621KB/s]
xf86-input-vmmouse-13.2.0_1.x86_64.xbps: [13KB 29%] 98MB/s ETA: 00m00s
xf86-input-vmmouse-13.2.0_1.x86_64.xbps: 13KB [avg rate: 326MB/s]
xf86-input-vmmouse-13.2.0_1: verifying RSA signature...
xorg-input-drivers-7.6_4.x86_64.xbps.sig2: [512B 100%] 22MB/s ETA: 00m00s
xorg-input-drivers-7.6_4.x86_64.xbps.sig2: 512B [avg rate: 22MB/s]
xorg-input-drivers-7.6_4.x86_64.xbps: [656B 100%] 22MB/s ETA: 00m00s
xorg-input-drivers-7.6_4.x86_64.xbps: 656B [avg rate: 22MB/s]
xorg-input-drivers-7.6_4: verifying RSA signature...
xf86-video-fbdev-0.5.1_1.x86_64.xbps.sig2: [512B 100%] 5747KB/s ETA: 00m00s
xf86-video-fbdev-0.5.1_1.x86_64.xbps.sig2: 512B [avg rate: 5747KB/s]
xf86-video-fbdev-0.5.1_1.x86_64.xbps: [12KB 32%] 122MB/s ETA: 00m00s
xf86-video-fbdev-0.5.1_1.x86_64.xbps: 12KB [avg rate: 370MB/s]
xf86-video-fbdev-0.5.1_1: verifying RSA signature...
xf86-video-dummy-0.4.1_1.x86_64.xbps.sig2: [512B 100%] 20MB/s ETA: 00m00s
xf86-video-dummy-0.4.1_1.x86_64.xbps.sig2: 512B [avg rate: 20MB/s]
xf86-video-dummy-0.4.1_1.x86_64.xbps: [9418B 43%] 98MB/s ETA: 00m00s
xf86-video-dummy-0.4.1_1.x86_64.xbps: 9418B [avg rate: 225MB/s]
xf86-video-dummy-0.4.1_1: verifying RSA signature...
xf86-video-vesa-2.6.0_1.x86_64.xbps.sig2: [512B 100%] 22MB/s ETA: 00m00s
xf86-video-vesa-2.6.0_1.x86_64.xbps.sig2: 512B [avg rate: 22MB/s]
xf86-video-vesa-2.6.0_1.x86_64.xbps: [15KB 26%] 85MB/s ETA: 00m00s
xf86-video-vesa-2.6.0_1.x86_64.xbps: 15KB [avg rate: 321MB/s]
xf86-video-vesa-2.6.0_1: verifying RSA signature...
xf86-video-ati-22.0.0_1.x86_64.xbps.sig2: [512B 100%] 7692KB/s ETA: 00m00s
xf86-video-ati-22.0.0_1.x86_64.xbps.sig2: 512B [avg rate: 7692KB/s]
xf86-video-ati-22.0.0_1.x86_64.xbps: [177KB 2%] 103MB/s ETA: 00m00s
xf86-video-ati-22.0.0_1.x86_64.xbps: 177KB [avg rate: 4550MB/s]
xf86-video-ati-22.0.0_1: verifying RSA signature...
xf86-video-amdgpu-23.0.0_1.x86_64.xbps.sig2: [512B 100%] 3378KB/s ETA: 00m00s
xf86-video-amdgpu-23.0.0_1.x86_64.xbps.sig2: 512B [avg rate: 3378KB/s]
xf86-video-amdgpu-23.0.0_1.x86_64.xbps: [76KB 5%] 44MB/s ETA: 00m00s
xf86-video-amdgpu-23.0.0_1.x86_64.xbps: 76KB [avg rate: 832MB/s]
xf86-video-amdgpu-23.0.0_1: verifying RSA signature...
xf86-video-nouveau-1.0.18_1.x86_64.xbps.sig2: [512B 100%] -- stalled -- ETA: 00m00s
xf86-video-nouveau-1.0.18_1.x86_64.xbps.sig2: 512B [avg rate: -- stalled --]
xf86-video-nouveau-1.0.18_1.x86_64.xbps: [101KB 3%] -- stalled -- ETA: 00m00s
xf86-video-nouveau-1.0.18_1.x86_64.xbps: 101KB [avg rate: -- stalled --]
xf86-video-nouveau-1.0.18_1: verifying RSA signature...
xorg-video-drivers-7.6_24.x86_64.xbps.sig2: [512B 100%] 22MB/s ETA: 00m00s
xorg-video-drivers-7.6_24.x86_64.xbps.sig2: 512B [avg rate: 22MB/s]
xorg-video-drivers-7.6_24.x86_64.xbps: [578B 100%] -- stalled -- ETA: 00m00s
xorg-video-drivers-7.6_24.x86_64.xbps: 578B [avg rate: -- stalled --]
xorg-video-drivers-7.6_24: verifying RSA signature...
xorg-7.6_6.x86_64.xbps.sig2: [512B 100%] 20MB/s ETA: 00m00s
xorg-7.6_6.x86_64.xbps.sig2: 512B [avg rate: 20MB/s]
xorg-7.6_6.x86_64.xbps: [554B 100%] 19MB/s ETA: 00m00s
xorg-7.6_6.x86_64.xbps: 554B [avg rate: 19MB/s]
xorg-7.6_6: verifying RSA signature...
xorg-server-common-21.1.24_1.x86_64.xbps.sig2: [512B 100%] 19MB/s ETA: 00m00s
xorg-server-common-21.1.24_1.x86_64.xbps.sig2: 512B [avg rate: 19MB/s]
xorg-server-common-21.1.24_1.x86_64.xbps: [7709B 53%] 98MB/s ETA: 00m00s
xorg-server-common-21.1.24_1.x86_64.xbps: 7709B [avg rate: 184MB/s]
xorg-server-common-21.1.24_1: verifying RSA signature...
libXfont2-2.0.7_2.x86_64.xbps.sig2: [512B 100%] 20MB/s ETA: 00m00s
libXfont2-2.0.7_2.x86_64.xbps.sig2: 512B [avg rate: 20MB/s]
libXfont2-2.0.7_2.x86_64.xbps: [127KB 3%] 98MB/s ETA: 00m00s
libXfont2-2.0.7_2.x86_64.xbps: 127KB [avg rate: 3110MB/s]
libXfont2-2.0.7_2: verifying RSA signature...
libxcvt-0.1.3_1.x86_64.xbps.sig2: [512B 100%] 20MB/s ETA: 00m00s
libxcvt-0.1.3_1.x86_64.xbps.sig2: 512B [avg rate: 20MB/s]
libxcvt-0.1.3_1.x86_64.xbps: [9213B 44%] 95MB/s ETA: 00m00s
libxcvt-0.1.3_1.x86_64.xbps: 9213B [avg rate: 214MB/s]
libxcvt-0.1.3_1: verifying RSA signature...
xorg-server-21.1.24_1.x86_64.xbps.sig2: [512B 100%] 22MB/s ETA: 00m00s
xorg-server-21.1.24_1.x86_64.xbps.sig2: 512B [avg rate: 22MB/s]
xorg-server-21.1.24_1.x86_64.xbps: [1586KB 0%] 112MB/s ETA: 00m00s
xorg-server-21.1.24_1.x86_64.xbps: [1586KB 64%] 11MB/s ETA: 00m00s
xorg-server-21.1.24_1.x86_64.xbps: 1586KB [avg rate: 18MB/s]
xorg-server-21.1.24_1: verifying RSA signature...
libICE-1.1.2_1.x86_64.xbps.sig2: [512B 100%] 21MB/s ETA: 00m00s
libICE-1.1.2_1.x86_64.xbps.sig2: 512B [avg rate: 21MB/s]
libICE-1.1.2_1.x86_64.xbps: [45KB 8%] 91MB/s ETA: 00m00s
libICE-1.1.2_1.x86_64.xbps: 45KB [avg rate: 1033MB/s]
libICE-1.1.2_1: verifying RSA signature...
iceauth-1.0.11_1.x86_64.xbps.sig2: [512B 100%] 20MB/s ETA: 00m00s
iceauth-1.0.11_1.x86_64.xbps.sig2: 512B [avg rate: 20MB/s]
iceauth-1.0.11_1.x86_64.xbps: [17KB 23%] 93MB/s ETA: 00m00s
iceauth-1.0.11_1.x86_64.xbps: 17KB [avg rate: 395MB/s]
iceauth-1.0.11_1: verifying RSA signature...
libSM-1.2.6_1.x86_64.xbps.sig2: [512B 100%] 19MB/s ETA: 00m00s
libSM-1.2.6_1.x86_64.xbps.sig2: 512B [avg rate: 19MB/s]
libSM-1.2.6_1.x86_64.xbps: [17KB 23%] 98MB/s ETA: 00m00s
libSM-1.2.6_1.x86_64.xbps: 17KB [avg rate: 410MB/s]
libSM-1.2.6_1: verifying RSA signature...
libXt-1.3.1_2.x86_64.xbps.sig2: [512B 100%] 21MB/s ETA: 00m00s
libXt-1.3.1_2.x86_64.xbps.sig2: 512B [avg rate: 21MB/s]
libXt-1.3.1_2.x86_64.xbps: [184KB 2%] 93MB/s ETA: 00m00s
libXt-1.3.1_2.x86_64.xbps: 184KB [avg rate: 4287MB/s]
libXt-1.3.1_2: verifying RSA signature...
libXmu-1.3.1_1.x86_64.xbps.sig2: [512B 100%] 20MB/s ETA: 00m00s
libXmu-1.3.1_1.x86_64.xbps.sig2: 512B [avg rate: 20MB/s]
libXmu-1.3.1_1.x86_64.xbps: [72KB 5%] 91MB/s ETA: 00m00s
libXmu-1.3.1_1.x86_64.xbps: 72KB [avg rate: 1643MB/s]
libXmu-1.3.1_1: verifying RSA signature...
oclock-1.0.6_1.x86_64.xbps.sig2: [512B 100%] 20MB/s ETA: 00m00s
oclock-1.0.6_1.x86_64.xbps.sig2: 512B [avg rate: 20MB/s]
oclock-1.0.6_1.x86_64.xbps: [12KB 34%] 95MB/s ETA: 00m00s
oclock-1.0.6_1.x86_64.xbps: 12KB [avg rate: 276MB/s]
oclock-1.0.6_1: verifying RSA signature...
sessreg-1.1.4_1.x86_64.xbps.sig2: [512B 100%] 23MB/s ETA: 00m00s
sessreg-1.1.4_1.x86_64.xbps.sig2: 512B [avg rate: 23MB/s]
sessreg-1.1.4_1.x86_64.xbps: [7826B 52%] 95MB/s ETA: 00m00s
sessreg-1.1.4_1.x86_64.xbps: 7826B [avg rate: 182MB/s]
sessreg-1.1.4_1: verifying RSA signature...
setxkbmap-1.3.5_1.x86_64.xbps.sig2: [512B 100%] 19MB/s ETA: 00m00s
setxkbmap-1.3.5_1.x86_64.xbps.sig2: 512B [avg rate: 19MB/s]
setxkbmap-1.3.5_1.x86_64.xbps: [13KB 29%] 106MB/s ETA: 00m00s
setxkbmap-1.3.5_1.x86_64.xbps: 13KB [avg rate: 353MB/s]
setxkbmap-1.3.5_1: verifying RSA signature...
smproxy-1.0.8_1.x86_64.xbps.sig2: [512B 100%] 22MB/s ETA: 00m00s
smproxy-1.0.8_1.x86_64.xbps.sig2: 512B [avg rate: 22MB/s]
smproxy-1.0.8_1.x86_64.xbps: [13KB 31%] 78MB/s ETA: 00m00s
smproxy-1.0.8_1.x86_64.xbps: 13KB [avg rate: 245MB/s]
smproxy-1.0.8_1: verifying RSA signature...
transset-1.0.4_1.x86_64.xbps.sig2: [512B 100%] 20MB/s ETA: 00m00s
transset-1.0.4_1.x86_64.xbps.sig2: 512B [avg rate: 20MB/s]
transset-1.0.4_1.x86_64.xbps: [11KB 36%] 93MB/s ETA: 00m00s
transset-1.0.4_1.x86_64.xbps: 11KB [avg rate: 256MB/s]
transset-1.0.4_1: verifying RSA signature...
libXft-2.3.9_2.x86_64.xbps.sig2: [512B 100%] 20MB/s ETA: 00m00s
libXft-2.3.9_2.x86_64.xbps.sig2: 512B [avg rate: 20MB/s]
libXft-2.3.9_2.x86_64.xbps: [49KB 8%] 87MB/s ETA: 00m00s
libXft-2.3.9_2.x86_64.xbps: 49KB [avg rate: 1060MB/s]
libXft-2.3.9_2: verifying RSA signature...
x11perf-1.6.1_1.x86_64.xbps.sig2: [512B 100%] 20MB/s ETA: 00m00s
x11perf-1.6.1_1.x86_64.xbps.sig2: 512B [avg rate: 20MB/s]
x11perf-1.6.1_1.x86_64.xbps: [58KB 6%] -- stalled -- ETA: 00m00s
x11perf-1.6.1_1.x86_64.xbps: 58KB [avg rate: -- stalled --]
x11perf-1.6.1_1: verifying RSA signature...
xauth-1.1.5_1.x86_64.xbps.sig2: [512B 100%] 20MB/s ETA: 00m00s
xauth-1.1.5_1.x86_64.xbps.sig2: 512B [avg rate: 20MB/s]
xauth-1.1.5_1.x86_64.xbps: [26KB 15%] 98MB/s ETA: 00m00s
xauth-1.1.5_1.x86_64.xbps: 26KB [avg rate: 646MB/s]
xauth-1.1.5_1: verifying RSA signature...
xcb-util-0.4.1_1.x86_64.xbps.sig2: [512B 100%] 21MB/s ETA: 00m00s
xcb-util-0.4.1_1.x86_64.xbps.sig2: 512B [avg rate: 21MB/s]
xcb-util-0.4.1_1.x86_64.xbps: [8882B 46%] 87MB/s ETA: 00m00s
xcb-util-0.4.1_1.x86_64.xbps: 8882B [avg rate: 188MB/s]
xcb-util-0.4.1_1: verifying RSA signature...
xbacklight-1.2.4_1.x86_64.xbps.sig2: [512B 100%] 20MB/s ETA: 00m00s
xbacklight-1.2.4_1.x86_64.xbps.sig2: 512B [avg rate: 20MB/s]
xbacklight-1.2.4_1.x86_64.xbps: [7584B 54%] 32MB/s ETA: 00m00s
xbacklight-1.2.4_1.x86_64.xbps: 7584B [avg rate: 59MB/s]
xbacklight-1.2.4_1: verifying RSA signature...
libXpm-3.5.19_1.x86_64.xbps.sig2: [512B 100%] 21MB/s ETA: 00m00s
libXpm-3.5.19_1.x86_64.xbps.sig2: 512B [avg rate: 21MB/s]
libXpm-3.5.19_1.x86_64.xbps: [55KB 7%] -- stalled -- ETA: 00m00s
libXpm-3.5.19_1.x86_64.xbps: 55KB [avg rate: -- stalled --]
libXpm-3.5.19_1: verifying RSA signature...
libXaw-1.0.16_1.x86_64.xbps.sig2: [512B 100%] 20MB/s ETA: 00m00s
libXaw-1.0.16_1.x86_64.xbps.sig2: 512B [avg rate: 20MB/s]
libXaw-1.0.16_1.x86_64.xbps: [262KB 1%] 95MB/s ETA: 00m00s
libXaw-1.0.16_1.x86_64.xbps: 262KB [avg rate: 6249MB/s]
libXaw-1.0.16_1: verifying RSA signature...
xcalc-1.1.3_1.x86_64.xbps.sig2: [512B 100%] 20MB/s ETA: 00m00s
xcalc-1.1.3_1.x86_64.xbps.sig2: 512B [avg rate: 20MB/s]
xcalc-1.1.3_1.x86_64.xbps: [28KB 14%] 95MB/s ETA: 00m00s
xcalc-1.1.3_1.x86_64.xbps: 28KB [avg rate: 671MB/s]
xcalc-1.1.3_1: verifying RSA signature...
xclipboard-1.1.6_1.x86_64.xbps.sig2: [512B 100%] 21MB/s ETA: 00m00s
xclipboard-1.1.6_1.x86_64.xbps.sig2: 512B [avg rate: 21MB/s]
xclipboard-1.1.6_1.x86_64.xbps: [17KB 23%] 98MB/s ETA: 00m00s
xclipboard-1.1.6_1.x86_64.xbps: 17KB [avg rate: 419MB/s]
xclipboard-1.1.6_1: verifying RSA signature...
xclock-1.2.1_1.x86_64.xbps.sig2: [512B 100%] 22MB/s ETA: 00m00s
xclock-1.2.1_1.x86_64.xbps.sig2: 512B [avg rate: 22MB/s]
xclock-1.2.1_1.x86_64.xbps: [32KB 12%] 93MB/s ETA: 00m00s
xclock-1.2.1_1.x86_64.xbps: 32KB [avg rate: 754MB/s]
xclock-1.2.1_1: verifying RSA signature...
xcmsdb-1.0.7_1.x86_64.xbps.sig2: [512B 100%] 21MB/s ETA: 00m00s
xcmsdb-1.0.7_1.x86_64.xbps.sig2: 512B [avg rate: 21MB/s]
xcmsdb-1.0.7_1.x86_64.xbps: [17KB 23%] -- stalled -- ETA: 00m00s
xcmsdb-1.0.7_1.x86_64.xbps: 17KB [avg rate: -- stalled --]
xcmsdb-1.0.7_1: verifying RSA signature...
xconsole-1.1.1_1.x86_64.xbps.sig2: [512B 100%] 20MB/s ETA: 00m00s
xconsole-1.1.1_1.x86_64.xbps.sig2: 512B [avg rate: 20MB/s]
xconsole-1.1.1_1.x86_64.xbps: [11KB 35%] 95MB/s ETA: 00m00s
xconsole-1.1.1_1.x86_64.xbps: 11KB [avg rate: 269MB/s]
xconsole-1.1.1_1: verifying RSA signature...
xcursorgen-1.0.9_1.x86_64.xbps.sig2: [512B 100%] 20MB/s ETA: 00m00s
xcursorgen-1.0.9_1.x86_64.xbps.sig2: 512B [avg rate: 20MB/s]
xcursorgen-1.0.9_1.x86_64.xbps: [8410B 48%] -- stalled -- ETA: 00m00s
xcursorgen-1.0.9_1.x86_64.xbps: 8410B [avg rate: -- stalled --]
xcursorgen-1.0.9_1: verifying RSA signature...
xdpyinfo-1.4.0_1.x86_64.xbps.sig2: [512B 100%] 19MB/s ETA: 00m00s
xdpyinfo-1.4.0_1.x86_64.xbps.sig2: 512B [avg rate: 19MB/s]
xdpyinfo-1.4.0_1.x86_64.xbps: [15KB 26%] 103MB/s ETA: 00m00s
xdpyinfo-1.4.0_1.x86_64.xbps: 15KB [avg rate: 387MB/s]
xdpyinfo-1.4.0_1: verifying RSA signature...
xev-1.2.6_1.x86_64.xbps.sig2: [512B 100%] 21MB/s ETA: 00m00s
xev-1.2.6_1.x86_64.xbps.sig2: 512B [avg rate: 21MB/s]
xev-1.2.6_1.x86_64.xbps: [15KB 26%] 98MB/s ETA: 00m00s
xev-1.2.6_1.x86_64.xbps: 15KB [avg rate: 375MB/s]
xev-1.2.6_1: verifying RSA signature...
xeyes-1.3.1_1.x86_64.xbps.sig2: [512B 100%] 20MB/s ETA: 00m00s
xeyes-1.3.1_1.x86_64.xbps.sig2: 512B [avg rate: 20MB/s]
xeyes-1.3.1_1.x86_64.xbps: [15KB 27%] 95MB/s ETA: 00m00s
xeyes-1.3.1_1.x86_64.xbps: 15KB [avg rate: 346MB/s]
xeyes-1.3.1_1: verifying RSA signature...
xfontsel-1.1.2_1.x86_64.xbps.sig2: [512B 100%] 19MB/s ETA: 00m00s
xfontsel-1.1.2_1.x86_64.xbps.sig2: 512B [avg rate: 19MB/s]
xfontsel-1.1.2_1.x86_64.xbps: [26KB 15%] -- stalled -- ETA: 00m00s
xfontsel-1.1.2_1.x86_64.xbps: 26KB [avg rate: -- stalled --]
xfontsel-1.1.2_1: verifying RSA signature...
xgamma-1.0.8_1.x86_64.xbps.sig2: [512B 100%] 20MB/s ETA: 00m00s
xgamma-1.0.8_1.x86_64.xbps.sig2: 512B [avg rate: 20MB/s]
xgamma-1.0.8_1.x86_64.xbps: [7505B 54%] 95MB/s ETA: 00m00s
xgamma-1.0.8_1.x86_64.xbps: 7505B [avg rate: 175MB/s]
xgamma-1.0.8_1: verifying RSA signature...
xhost-1.0.10_1.x86_64.xbps.sig2: [512B 100%] 20MB/s ETA: 00m00s
xhost-1.0.10_1.x86_64.xbps.sig2: 512B [avg rate: 20MB/s]
xhost-1.0.10_1.x86_64.xbps: [11KB 37%] 98MB/s ETA: 00m00s
xhost-1.0.10_1.x86_64.xbps: 11KB [avg rate: 257MB/s]
xhost-1.0.10_1: verifying RSA signature...
xinput-1.6.4_1.x86_64.xbps.sig2: [512B 100%] 20MB/s ETA: 00m00s
xinput-1.6.4_1.x86_64.xbps.sig2: 512B [avg rate: 20MB/s]
xinput-1.6.4_1.x86_64.xbps: [30KB 13%] 98MB/s ETA: 00m00s
xinput-1.6.4_1.x86_64.xbps: 30KB [avg rate: 738MB/s]
xinput-1.6.4_1: verifying RSA signature...
xkbevd-1.1.6_1.x86_64.xbps.sig2: [512B 100%] 21MB/s ETA: 00m00s
xkbevd-1.1.6_1.x86_64.xbps.sig2: 512B [avg rate: 21MB/s]
xkbevd-1.1.6_1.x86_64.xbps: [19KB 21%] 81MB/s ETA: 00m00s
xkbevd-1.1.6_1.x86_64.xbps: 19KB [avg rate: 382MB/s]
xkbevd-1.1.6_1: verifying RSA signature...
xkbutils-1.0.7_1.x86_64.xbps.sig2: [512B 100%] 20MB/s ETA: 00m00s
xkbutils-1.0.7_1.x86_64.xbps.sig2: 512B [avg rate: 20MB/s]
xkbutils-1.0.7_1.x86_64.xbps: [18KB 22%] 74MB/s ETA: 00m00s
xkbutils-1.0.7_1.x86_64.xbps: 18KB [avg rate: 323MB/s]
xkbutils-1.0.7_1: verifying RSA signature...
xkill-1.0.7_1.x86_64.xbps.sig2: [512B 100%] 21MB/s ETA: 00m00s
xkill-1.0.7_1.x86_64.xbps.sig2: 512B [avg rate: 21MB/s]
xkill-1.0.7_1.x86_64.xbps: [8170B 50%] 95MB/s ETA: 00m00s
xkill-1.0.7_1.x86_64.xbps: 8170B [avg rate: 190MB/s]
xkill-1.0.7_1: verifying RSA signature...
xload-1.2.2_1.x86_64.xbps.sig2: [512B 100%] 20MB/s ETA: 00m00s
xload-1.2.2_1.x86_64.xbps.sig2: 512B [avg rate: 20MB/s]
xload-1.2.2_1.x86_64.xbps: [10KB 38%] 93MB/s ETA: 00m00s
xload-1.2.2_1.x86_64.xbps: 10KB [avg rate: 242MB/s]
xload-1.2.2_1: verifying RSA signature...
xlogo-1.0.7_1.x86_64.xbps.sig2: [512B 100%] 22MB/s ETA: 00m00s
xlogo-1.0.7_1.x86_64.xbps.sig2: 512B [avg rate: 22MB/s]
xlogo-1.0.7_1.x86_64.xbps: [9922B 41%] 91MB/s ETA: 00m00s
xlogo-1.0.7_1.x86_64.xbps: 9922B [avg rate: 220MB/s]
xlogo-1.0.7_1: verifying RSA signature...
xlsatoms-1.1.5_1.x86_64.xbps.sig2: [512B 100%] 21MB/s ETA: 00m00s
xlsatoms-1.1.5_1.x86_64.xbps.sig2: 512B [avg rate: 21MB/s]
xlsatoms-1.1.5_1.x86_64.xbps: [6941B 59%] 98MB/s ETA: 00m00s
xlsatoms-1.1.5_1.x86_64.xbps: 6941B [avg rate: 165MB/s]
xlsatoms-1.1.5_1: verifying RSA signature...
xlsclients-1.1.6_1.x86_64.xbps.sig2: [512B 100%] 21MB/s ETA: 00m00s
xlsclients-1.1.6_1.x86_64.xbps.sig2: 512B [avg rate: 21MB/s]
xlsclients-1.1.6_1.x86_64.xbps: [9898B 41%] 98MB/s ETA: 00m00s
xlsclients-1.1.6_1.x86_64.xbps: 9898B [avg rate: 236MB/s]
xlsclients-1.1.6_1: verifying RSA signature...
xmessage-1.0.7_1.x86_64.xbps.sig2: [512B 100%] 6250KB/s ETA: 00m00s
xmessage-1.0.7_1.x86_64.xbps.sig2: 512B [avg rate: 6250KB/s]
xmessage-1.0.7_1.x86_64.xbps: [13KB 30%] 98MB/s ETA: 00m00s
xmessage-1.0.7_1.x86_64.xbps: 13KB [avg rate: 320MB/s]
xmessage-1.0.7_1: verifying RSA signature...
xmodmap-1.0.12_1.x86_64.xbps.sig2: [512B 100%] 23MB/s ETA: 00m00s
xmodmap-1.0.12_1.x86_64.xbps.sig2: 512B [avg rate: 23MB/s]
xmodmap-1.0.12_1.x86_64.xbps: [23KB 17%] 59MB/s ETA: 00m00s
xmodmap-1.0.12_1.x86_64.xbps: 23KB [avg rate: 337MB/s]
xmodmap-1.0.12_1: verifying RSA signature...
xpr-1.2.1_1.x86_64.xbps.sig2: [512B 100%] 19MB/s ETA: 00m00s
xpr-1.2.1_1.x86_64.xbps.sig2: 512B [avg rate: 19MB/s]
xpr-1.2.1_1.x86_64.xbps: [34KB 11%] 98MB/s ETA: 00m00s
xpr-1.2.1_1.x86_64.xbps: 34KB [avg rate: 840MB/s]
xpr-1.2.1_1: verifying RSA signature...
xprop-1.2.8_1.x86_64.xbps.sig2: [512B 100%] 20MB/s ETA: 00m00s
xprop-1.2.8_1.x86_64.xbps.sig2: 512B [avg rate: 20MB/s]
xprop-1.2.8_1.x86_64.xbps: [27KB 14%] 78MB/s ETA: 00m00s
xprop-1.2.8_1.x86_64.xbps: 27KB [avg rate: 527MB/s]
xprop-1.2.8_1: verifying RSA signature...
libmcpp-2.7.2_8.x86_64.xbps.sig2: [512B 100%] 14MB/s ETA: 00m00s
libmcpp-2.7.2_8.x86_64.xbps.sig2: 512B [avg rate: 14MB/s]
libmcpp-2.7.2_8.x86_64.xbps: [63KB 6%] 100MB/s ETA: 00m00s
libmcpp-2.7.2_8.x86_64.xbps: 63KB [avg rate: 1573MB/s]
libmcpp-2.7.2_8: verifying RSA signature...
mcpp-2.7.2_8.x86_64.xbps.sig2: [512B 100%] 21MB/s ETA: 00m00s
mcpp-2.7.2_8.x86_64.xbps.sig2: 512B [avg rate: 21MB/s]
mcpp-2.7.2_8.x86_64.xbps: [165KB 2%] 95MB/s ETA: 00m00s
mcpp-2.7.2_8.x86_64.xbps: 165KB [avg rate: 3935MB/s]
mcpp-2.7.2_8: verifying RSA signature...
xrdb-1.2.3_1.x86_64.xbps.sig2: [512B 100%] 20MB/s ETA: 00m00s
xrdb-1.2.3_1.x86_64.xbps.sig2: 512B [avg rate: 20MB/s]
xrdb-1.2.3_1.x86_64.xbps: [20KB 19%] 91MB/s ETA: 00m00s
xrdb-1.2.3_1.x86_64.xbps: 20KB [avg rate: 462MB/s]
xrdb-1.2.3_1: verifying RSA signature...
xrefresh-1.1.1_1.x86_64.xbps.sig2: [512B 100%] 5814KB/s ETA: 00m00s
xrefresh-1.1.1_1.x86_64.xbps.sig2: 512B [avg rate: 5814KB/s]
xrefresh-1.1.1_1.x86_64.xbps: [7917B 51%] -- stalled -- ETA: 00m00s
xrefresh-1.1.1_1.x86_64.xbps: 7917B [avg rate: -- stalled --]
xrefresh-1.1.1_1: verifying RSA signature...
xset-1.2.6_1.x86_64.xbps.sig2: [512B 100%] 20MB/s ETA: 00m00s
xset-1.2.6_1.x86_64.xbps.sig2: 512B [avg rate: 20MB/s]
xset-1.2.6_1.x86_64.xbps: [19KB 21%] 93MB/s ETA: 00m00s
xset-1.2.6_1.x86_64.xbps: 19KB [avg rate: 440MB/s]
xset-1.2.6_1: verifying RSA signature...
xsetroot-1.1.4_1.x86_64.xbps.sig2: [512B 100%] 20MB/s ETA: 00m00s
xsetroot-1.1.4_1.x86_64.xbps.sig2: 512B [avg rate: 20MB/s]
xsetroot-1.1.4_1.x86_64.xbps: [10KB 38%] 93MB/s ETA: 00m00s
xsetroot-1.1.4_1.x86_64.xbps: 10KB [avg rate: 239MB/s]
xsetroot-1.1.4_1: verifying RSA signature...
libXv-1.0.13_2.x86_64.xbps.sig2: [512B 100%] 20MB/s ETA: 00m00s
libXv-1.0.13_2.x86_64.xbps.sig2: 512B [avg rate: 20MB/s]
libXv-1.0.13_2.x86_64.xbps: [8626B 47%] 115MB/s ETA: 00m00s
libXv-1.0.13_2.x86_64.xbps: 8626B [avg rate: 242MB/s]
libXv-1.0.13_2: verifying RSA signature...
xvinfo-1.1.6_1.x86_64.xbps.sig2: [512B 100%] 21MB/s ETA: 00m00s
xvinfo-1.1.6_1.x86_64.xbps.sig2: 512B [avg rate: 21MB/s]
xvinfo-1.1.6_1.x86_64.xbps: [8146B 50%] 98MB/s ETA: 00m00s
xvinfo-1.1.6_1.x86_64.xbps: 8146B [avg rate: 194MB/s]
xvinfo-1.1.6_1: verifying RSA signature...
xwd-1.0.10_1.x86_64.xbps.sig2: [512B 100%] 3205KB/s ETA: 00m00s
xwd-1.0.10_1.x86_64.xbps.sig2: 512B [avg rate: 3205KB/s]
xwd-1.0.10_1.x86_64.xbps: [19KB 21%] 95MB/s ETA: 00m00s
xwd-1.0.10_1.x86_64.xbps: 19KB [avg rate: 442MB/s]
xwd-1.0.10_1: verifying RSA signature...
xwininfo-1.1.7_1.x86_64.xbps.sig2: [512B 100%] 20MB/s ETA: 00m00s
xwininfo-1.1.7_1.x86_64.xbps.sig2: 512B [avg rate: 20MB/s]
xwininfo-1.1.7_1.x86_64.xbps: [24KB 16%] -- stalled -- ETA: 00m00s
xwininfo-1.1.7_1.x86_64.xbps: 24KB [avg rate: -- stalled --]
xwininfo-1.1.7_1: verifying RSA signature...
xwud-1.0.8_1.x86_64.xbps.sig2: [512B 100%] 23MB/s ETA: 00m00s
xwud-1.0.8_1.x86_64.xbps.sig2: 512B [avg rate: 23MB/s]
xwud-1.0.8_1.x86_64.xbps: [16KB 25%] 98MB/s ETA: 00m00s
xwud-1.0.8_1.x86_64.xbps: 16KB [avg rate: 379MB/s]
xwud-1.0.8_1: verifying RSA signature...
xorg-apps-7.6_9.x86_64.xbps.sig2: [512B 100%] 17MB/s ETA: 00m00s
xorg-apps-7.6_9.x86_64.xbps.sig2: 512B [avg rate: 17MB/s]
xorg-apps-7.6_9.x86_64.xbps: [835B 100%] 19MB/s ETA: 00m00s
xorg-apps-7.6_9.x86_64.xbps: 835B [avg rate: 19MB/s]
xorg-apps-7.6_9: verifying RSA signature...
xrandr-1.5.4_1.x86_64.xbps.sig2: [512B 100%] 20MB/s ETA: 00m00s
xrandr-1.5.4_1.x86_64.xbps.sig2: 512B [avg rate: 20MB/s]
xrandr-1.5.4_1.x86_64.xbps: [45KB 8%] -- stalled -- ETA: 00m00s
xrandr-1.5.4_1.x86_64.xbps: 45KB [avg rate: -- stalled --]
xrandr-1.5.4_1: verifying RSA signature...
xterm-411_1.x86_64.xbps.sig2: [512B 100%] 15MB/s ETA: 00m00s
xterm-411_1.x86_64.xbps.sig2: 512B [avg rate: 15MB/s]
xterm-411_1.x86_64.xbps: [471KB 0%] 95MB/s ETA: 00m00s
xterm-411_1.x86_64.xbps: 471KB [avg rate: 11GB/s]
xterm-411_1: verifying RSA signature...
perl-LWP-MediaTypes-6.04_2.x86_64.xbps.sig2: [512B 100%] 21MB/s ETA: 00m00s
perl-LWP-MediaTypes-6.04_2.x86_64.xbps.sig2: 512B [avg rate: 21MB/s]
perl-LWP-MediaTypes-6.04_2.x86_64.xbps: [18KB 22%] 57MB/s ETA: 00m00s
perl-LWP-MediaTypes-6.04_2.x86_64.xbps: 18KB [avg rate: 248MB/s]
perl-LWP-MediaTypes-6.04_2: verifying RSA signature...
perl-Encode-Locale-1.05_3.x86_64.xbps.sig2: [512B 100%] 20MB/s ETA: 00m00s
perl-Encode-Locale-1.05_3.x86_64.xbps.sig2: 512B [avg rate: 20MB/s]
perl-Encode-Locale-1.05_3.x86_64.xbps: [7480B 54%] 98MB/s ETA: 00m00s
perl-Encode-Locale-1.05_3.x86_64.xbps: 7480B [avg rate: 178MB/s]
perl-Encode-Locale-1.05_3: verifying RSA signature...
perl-Clone-0.46_4.x86_64.xbps.sig2: [512B 100%] 21MB/s ETA: 00m00s
perl-Clone-0.46_4.x86_64.xbps.sig2: 512B [avg rate: 21MB/s]
perl-Clone-0.46_4.x86_64.xbps: [8674B 47%] 100MB/s ETA: 00m00s
perl-Clone-0.46_4.x86_64.xbps: 8674B [avg rate: 212MB/s]
perl-Clone-0.46_4: verifying RSA signature...
perl-HTTP-Date-6.05_2.x86_64.xbps.sig2: [512B 100%] 20MB/s ETA: 00m00s
perl-HTTP-Date-6.05_2.x86_64.xbps.sig2: 512B [avg rate: 20MB/s]
perl-HTTP-Date-6.05_2.x86_64.xbps: [6971B 58%] 95MB/s ETA: 00m00s
perl-HTTP-Date-6.05_2.x86_64.xbps: 6971B [avg rate: 162MB/s]
perl-HTTP-Date-6.05_2: verifying RSA signature...
perl-IO-HTML-1.004_1.x86_64.xbps.sig2: [512B 100%] 22MB/s ETA: 00m00s
perl-IO-HTML-1.004_1.x86_64.xbps.sig2: 512B [avg rate: 22MB/s]
perl-IO-HTML-1.004_1.x86_64.xbps: [10KB 39%] 91MB/s ETA: 00m00s
perl-IO-HTML-1.004_1.x86_64.xbps: 10KB [avg rate: 232MB/s]
perl-IO-HTML-1.004_1: verifying RSA signature...
perl-Try-Tiny-0.32_1.x86_64.xbps.sig2: [512B 100%] 20MB/s ETA: 00m00s
perl-Try-Tiny-0.32_1.x86_64.xbps.sig2: 512B [avg rate: 20MB/s]
perl-Try-Tiny-0.32_1.x86_64.xbps: [13KB 30%] 95MB/s ETA: 00m00s
perl-Try-Tiny-0.32_1.x86_64.xbps: 13KB [avg rate: 312MB/s]
perl-Try-Tiny-0.32_1: verifying RSA signature...
perl-HTTP-Message-6.45_1.x86_64.xbps.sig2: [512B 100%] 20MB/s ETA: 00m00s
perl-HTTP-Message-6.45_1.x86_64.xbps.sig2: 512B [avg rate: 20MB/s]
perl-HTTP-Message-6.45_1.x86_64.xbps: [50KB 7%] 85MB/s ETA: 00m00s
perl-HTTP-Message-6.45_1.x86_64.xbps: 50KB [avg rate: 1071MB/s]
perl-HTTP-Message-6.45_1: verifying RSA signature...
perl-File-Listing-6.16_1.x86_64.xbps.sig2: [512B 100%] 19MB/s ETA: 00m00s
perl-File-Listing-6.16_1.x86_64.xbps.sig2: 512B [avg rate: 19MB/s]
perl-File-Listing-6.16_1.x86_64.xbps: [7724B 53%] 52MB/s ETA: 00m00s
perl-File-Listing-6.16_1.x86_64.xbps: 7724B [avg rate: 98MB/s]
perl-File-Listing-6.16_1: verifying RSA signature...
perl-HTTP-Negotiate-6.01_6.x86_64.xbps.sig2: [512B 100%] 21MB/s ETA: 00m00s
perl-HTTP-Negotiate-6.01_6.x86_64.xbps.sig2: 512B [avg rate: 21MB/s]
perl-HTTP-Negotiate-6.01_6.x86_64.xbps: [8792B 46%] 98MB/s ETA: 00m00s
perl-HTTP-Negotiate-6.01_6.x86_64.xbps: 8792B [avg rate: 210MB/s]
perl-HTTP-Negotiate-6.01_6: verifying RSA signature...
perl-HTTP-Daemon-6.16_1.x86_64.xbps.sig2: [512B 100%] 20MB/s ETA: 00m00s
perl-HTTP-Daemon-6.16_1.x86_64.xbps.sig2: 512B [avg rate: 20MB/s]
perl-HTTP-Daemon-6.16_1.x86_64.xbps: [14KB 28%] 98MB/s ETA: 00m00s
perl-HTTP-Daemon-6.16_1.x86_64.xbps: 14KB [avg rate: 337MB/s]
perl-HTTP-Daemon-6.16_1: verifying RSA signature...
perl-Net-HTTP-6.24_1.x86_64.xbps.sig2: [512B 100%] 20MB/s ETA: 00m00s
perl-Net-HTTP-6.24_1.x86_64.xbps.sig2: 512B [avg rate: 20MB/s]
perl-Net-HTTP-6.24_1.x86_64.xbps: [14KB 27%] 93MB/s ETA: 00m00s
perl-Net-HTTP-6.24_1.x86_64.xbps: 14KB [avg rate: 335MB/s]
perl-Net-HTTP-6.24_1: verifying RSA signature...
perl-HTTP-Cookies-6.10_1.x86_64.xbps.sig2: [512B 100%] 5747KB/s ETA: 00m00s
perl-HTTP-Cookies-6.10_1.x86_64.xbps.sig2: 512B [avg rate: 5747KB/s]
perl-HTTP-Cookies-6.10_1.x86_64.xbps: [16KB 25%] 95MB/s ETA: 00m00s
perl-HTTP-Cookies-6.10_1.x86_64.xbps: 16KB [avg rate: 370MB/s]
perl-HTTP-Cookies-6.10_1: verifying RSA signature...
perl-WWW-RobotRules-6.02_6.x86_64.xbps.sig2: [512B 100%] 21MB/s ETA: 00m00s
perl-WWW-RobotRules-6.02_6.x86_64.xbps.sig2: 512B [avg rate: 21MB/s]
perl-WWW-RobotRules-6.02_6.x86_64.xbps: [8219B 49%] 98MB/s ETA: 00m00s
perl-WWW-RobotRules-6.02_6.x86_64.xbps: 8219B [avg rate: 196MB/s]
perl-WWW-RobotRules-6.02_6: verifying RSA signature...
perl-HTML-Tagset-3.20_8.x86_64.xbps.sig2: [512B 100%] 20MB/s ETA: 00m00s
perl-HTML-Tagset-3.20_8.x86_64.xbps.sig2: 512B [avg rate: 20MB/s]
perl-HTML-Tagset-3.20_8.x86_64.xbps: [7949B 51%] 98MB/s ETA: 00m00s
perl-HTML-Tagset-3.20_8.x86_64.xbps: 7949B [avg rate: 190MB/s]
perl-HTML-Tagset-3.20_8: verifying RSA signature...
perl-HTML-Parser-3.76_5.x86_64.xbps.sig2: [512B 100%] 18MB/s ETA: 00m00s
perl-HTML-Parser-3.76_5.x86_64.xbps.sig2: 512B [avg rate: 18MB/s]
perl-HTML-Parser-3.76_5.x86_64.xbps: [63KB 6%] 93MB/s ETA: 00m00s
perl-HTML-Parser-3.76_5.x86_64.xbps: 63KB [avg rate: 1461MB/s]
perl-HTML-Parser-3.76_5: verifying RSA signature...
perl-LWP-6.80_1.x86_64.xbps.sig2: [512B 100%] 21MB/s ETA: 00m00s
perl-LWP-6.80_1.x86_64.xbps.sig2: 512B [avg rate: 21MB/s]
perl-LWP-6.80_1.x86_64.xbps: [95KB 4%] 98MB/s ETA: 00m00s
perl-LWP-6.80_1.x86_64.xbps: 95KB [avg rate: 2317MB/s]
perl-LWP-6.80_1: verifying RSA signature...
glu-9.0.3_1.x86_64.xbps.sig2: [512B 100%] 21MB/s ETA: 00m00s
glu-9.0.3_1.x86_64.xbps.sig2: 512B [avg rate: 21MB/s]
glu-9.0.3_1.x86_64.xbps: [161KB 2%] 103MB/s ETA: 00m00s
glu-9.0.3_1.x86_64.xbps: 161KB [avg rate: 4141MB/s]
glu-9.0.3_1: verifying RSA signature...
xscreensaver-6.15_1.x86_64.xbps.sig2: [512B 100%] 24MB/s ETA: 00m00s
xscreensaver-6.15_1.x86_64.xbps.sig2: 512B [avg rate: 24MB/s]
xscreensaver-6.15_1.x86_64.xbps: [72MB 0%] 54MB/s ETA: 00m00s
xscreensaver-6.15_1.x86_64.xbps: [72MB 13%] 11MB/s ETA: 00m06s
xscreensaver-6.15_1.x86_64.xbps: [72MB 28%] 11MB/s ETA: 00m05s
xscreensaver-6.15_1.x86_64.xbps: [72MB 44%] 11MB/s ETA: 00m03s
xscreensaver-6.15_1.x86_64.xbps: [72MB 60%] 11MB/s ETA: 00m02s
xscreensaver-6.15_1.x86_64.xbps: [72MB 76%] 11MB/s ETA: 00m01s
xscreensaver-6.15_1.x86_64.xbps: [72MB 92%] 11MB/s ETA: 00m00s
xscreensaver-6.15_1.x86_64.xbps: 72MB [avg rate: 12MB/s]
xscreensaver-6.15_1: verifying RSA signature...
twm-1.0.13.1_1.x86_64.xbps.sig2: [512B 100%] 2092KB/s ETA: 00m00s
twm-1.0.13.1_1.x86_64.xbps.sig2: 512B [avg rate: 2092KB/s]
twm-1.0.13.1_1.x86_64.xbps: [112KB 3%] -- stalled -- ETA: 00m00s
twm-1.0.13.1_1.x86_64.xbps: 112KB [avg rate: -- stalled --]
twm-1.0.13.1_1: verifying RSA signature...
xinit-1.4.4_1.x86_64.xbps.sig2: [512B 100%] 6579KB/s ETA: 00m00s
xinit-1.4.4_1.x86_64.xbps.sig2: 512B [avg rate: 6579KB/s]
xinit-1.4.4_1.x86_64.xbps: [16KB 24%] 16MB/s ETA: 00m00s
xinit-1.4.4_1.x86_64.xbps: 16KB [avg rate: 65MB/s]
xinit-1.4.4_1: verifying RSA signature...
xsel-1.2.1_1.x86_64.xbps.sig2: [512B 100%] 2212KB/s ETA: 00m00s
xsel-1.2.1_1.x86_64.xbps.sig2: 512B [avg rate: 2212KB/s]
xsel-1.2.1_1.x86_64.xbps: [18KB 21%] -- stalled -- ETA: 00m00s
xsel-1.2.1_1.x86_64.xbps: 18KB [avg rate: -- stalled --]
xsel-1.2.1_1: verifying RSA signature...
xclip-0.13_2.x86_64.xbps.sig2: [512B 100%] 5814KB/s ETA: 00m00s
xclip-0.13_2.x86_64.xbps.sig2: 512B [avg rate: 5814KB/s]
xclip-0.13_2.x86_64.xbps: [14KB 27%] -- stalled -- ETA: 00m00s
xclip-0.13_2.x86_64.xbps: 14KB [avg rate: -- stalled --]
xclip-0.13_2: verifying RSA signature...
xcolor-0.5.1_2.x86_64.xbps.sig2: [512B 100%] 3968KB/s ETA: 00m00s
xcolor-0.5.1_2.x86_64.xbps.sig2: 512B [avg rate: 3968KB/s]
xcolor-0.5.1_2.x86_64.xbps: [308KB 1%] 12MB/s ETA: 00m00s
xcolor-0.5.1_2.x86_64.xbps: 308KB [avg rate: 889MB/s]
xcolor-0.5.1_2: verifying RSA signature...

[*] Collecting package files
font-alias-1.0.6_1: collecting files...
libfontenc-1.1.9_1: collecting files...
mkfontscale-1.2.4_1: collecting files...
font-util-1.4.2_1: collecting files...
encodings-1.1.0_1: collecting files...
font-adobe-100dpi-1.0.4_1: collecting files...
font-adobe-75dpi-1.0.4_1: collecting files...
font-adobe-utopia-100dpi-1.0.5_1: collecting files...
font-adobe-utopia-75dpi-1.0.5_1: collecting files...
font-adobe-utopia-type1-1.0.5_1: collecting files...
font-bh-100dpi-1.0.4_1: collecting files...
font-bh-75dpi-1.0.4_1: collecting files...
font-bh-lucidatypewriter-100dpi-1.0.4_1: collecting files...
font-bh-lucidatypewriter-75dpi-1.0.4_1: collecting files...
font-bh-ttf-1.0.4_1: collecting files...
font-bh-type1-1.0.4_1: collecting files...
font-bitstream-100dpi-1.0.4_1: collecting files...
font-bitstream-75dpi-1.0.4_1: collecting files...
font-bitstream-type1-1.0.4_1: collecting files...
font-cursor-misc-1.0.4_1: collecting files...
font-daewoo-misc-1.0.4_1: collecting files...
font-dec-misc-1.0.4_1: collecting files...
font-ibm-type1-1.0.4_1: collecting files...
font-isas-misc-1.0.4_1: collecting files...
font-jis-misc-1.0.4_1: collecting files...
font-misc-misc-1.1.3_1: collecting files...
font-mutt-misc-1.0.4_1: collecting files...
dejavu-fonts-ttf-2.37_3: collecting files...
xorg-fonts-7.6_5: collecting files...
mtdev-1.1.7_1: collecting files...
libevdev-1.13.6_1: collecting files...
xf86-input-evdev-2.11.0_1: collecting files...
xf86-input-synaptics-1.10.0_1: collecting files...
lua54-5.4.8_1: collecting files...
libgudev-238_1: collecting files...
libwacom-2.19.1_1: collecting files...
libinput-1.31.3_1: collecting files...
xf86-input-libinput-1.5.0_1: collecting files...
xf86-input-wacom-1.2.4_1: collecting files...
xf86-input-vmmouse-13.2.0_1: collecting files...
xorg-input-drivers-7.6_4: collecting files...
xf86-video-fbdev-0.5.1_1: collecting files...
xf86-video-dummy-0.4.1_1: collecting files...
xf86-video-vesa-2.6.0_1: collecting files...
xf86-video-ati-22.0.0_1: collecting files...
xf86-video-amdgpu-23.0.0_1: collecting files...
xf86-video-nouveau-1.0.18_1: collecting files...
xorg-video-drivers-7.6_24: collecting files...
xorg-7.6_6: collecting files...
xorg-server-common-21.1.24_1: collecting files...
libXfont2-2.0.7_2: collecting files...
libxcvt-0.1.3_1: collecting files...
xorg-server-21.1.24_1: collecting files...
libICE-1.1.2_1: collecting files...
iceauth-1.0.11_1: collecting files...
libSM-1.2.6_1: collecting files...
libXt-1.3.1_2: collecting files...
libXmu-1.3.1_1: collecting files...
oclock-1.0.6_1: collecting files...
sessreg-1.1.4_1: collecting files...
setxkbmap-1.3.5_1: collecting files...
smproxy-1.0.8_1: collecting files...
transset-1.0.4_1: collecting files...
libXft-2.3.9_2: collecting files...
x11perf-1.6.1_1: collecting files...
xauth-1.1.5_1: collecting files...
xcb-util-0.4.1_1: collecting files...
xbacklight-1.2.4_1: collecting files...
libXpm-3.5.19_1: collecting files...
libXaw-1.0.16_1: collecting files...
xcalc-1.1.3_1: collecting files...
xclipboard-1.1.6_1: collecting files...
xclock-1.2.1_1: collecting files...
xcmsdb-1.0.7_1: collecting files...
xconsole-1.1.1_1: collecting files...
xcursorgen-1.0.9_1: collecting files...
xdpyinfo-1.4.0_1: collecting files...
xev-1.2.6_1: collecting files...
xeyes-1.3.1_1: collecting files...
xfontsel-1.1.2_1: collecting files...
xgamma-1.0.8_1: collecting files...
xhost-1.0.10_1: collecting files...
xinput-1.6.4_1: collecting files...
xkbevd-1.1.6_1: collecting files...
xkbutils-1.0.7_1: collecting files...
xkill-1.0.7_1: collecting files...
xload-1.2.2_1: collecting files...
xlogo-1.0.7_1: collecting files...
xlsatoms-1.1.5_1: collecting files...
xlsclients-1.1.6_1: collecting files...
xmessage-1.0.7_1: collecting files...
xmodmap-1.0.12_1: collecting files...
xpr-1.2.1_1: collecting files...
xprop-1.2.8_1: collecting files...
libmcpp-2.7.2_8: collecting files...
mcpp-2.7.2_8: collecting files...
xrdb-1.2.3_1: collecting files...
xrefresh-1.1.1_1: collecting files...
xset-1.2.6_1: collecting files...
xsetroot-1.1.4_1: collecting files...
libXv-1.0.13_2: collecting files...
xvinfo-1.1.6_1: collecting files...
xwd-1.0.10_1: collecting files...
xwininfo-1.1.7_1: collecting files...
xwud-1.0.8_1: collecting files...
xorg-apps-7.6_9: collecting files...
xrandr-1.5.4_1: collecting files...
xterm-411_1: collecting files...
perl-LWP-MediaTypes-6.04_2: collecting files...
perl-Encode-Locale-1.05_3: collecting files...
perl-Clone-0.46_4: collecting files...
perl-HTTP-Date-6.05_2: collecting files...
perl-IO-HTML-1.004_1: collecting files...
perl-Try-Tiny-0.32_1: collecting files...
perl-HTTP-Message-6.45_1: collecting files...
perl-File-Listing-6.16_1: collecting files...
perl-HTTP-Negotiate-6.01_6: collecting files...
perl-HTTP-Daemon-6.16_1: collecting files...
perl-Net-HTTP-6.24_1: collecting files...
perl-HTTP-Cookies-6.10_1: collecting files...
perl-WWW-RobotRules-6.02_6: collecting files...
perl-HTML-Tagset-3.20_8: collecting files...
perl-HTML-Parser-3.76_5: collecting files...
perl-LWP-6.80_1: collecting files...
glu-9.0.3_1: collecting files...
xscreensaver-6.15_1: collecting files...
twm-1.0.13.1_1: collecting files...
xinit-1.4.4_1: collecting files...
xsel-1.2.1_1: collecting files...
xclip-0.13_2: collecting files...
xcolor-0.5.1_2: collecting files...

[*] Unpacking packages
font-alias-1.0.6_1: unpacking ...
libfontenc-1.1.9_1: unpacking ...
mkfontscale-1.2.4_1: unpacking ...
font-util-1.4.2_1: unpacking ...
encodings-1.1.0_1: unpacking ...
font-adobe-100dpi-1.0.4_1: unpacking ...
font-adobe-75dpi-1.0.4_1: unpacking ...
font-adobe-utopia-100dpi-1.0.5_1: unpacking ...
font-adobe-utopia-75dpi-1.0.5_1: unpacking ...
font-adobe-utopia-type1-1.0.5_1: unpacking ...
font-bh-100dpi-1.0.4_1: unpacking ...
font-bh-75dpi-1.0.4_1: unpacking ...
font-bh-lucidatypewriter-100dpi-1.0.4_1: unpacking ...
font-bh-lucidatypewriter-75dpi-1.0.4_1: unpacking ...
font-bh-ttf-1.0.4_1: unpacking ...
font-bh-type1-1.0.4_1: unpacking ...
font-bitstream-100dpi-1.0.4_1: unpacking ...
font-bitstream-75dpi-1.0.4_1: unpacking ...
font-bitstream-type1-1.0.4_1: unpacking ...
font-cursor-misc-1.0.4_1: unpacking ...
font-daewoo-misc-1.0.4_1: unpacking ...
font-dec-misc-1.0.4_1: unpacking ...
font-ibm-type1-1.0.4_1: unpacking ...
font-isas-misc-1.0.4_1: unpacking ...
font-jis-misc-1.0.4_1: unpacking ...
font-misc-misc-1.1.3_1: unpacking ...
font-mutt-misc-1.0.4_1: unpacking ...
dejavu-fonts-ttf-2.37_3: unpacking ...
xorg-fonts-7.6_5: unpacking ...
mtdev-1.1.7_1: unpacking ...
libevdev-1.13.6_1: unpacking ...
xf86-input-evdev-2.11.0_1: unpacking ...
xf86-input-synaptics-1.10.0_1: unpacking ...
lua54-5.4.8_1: unpacking ...
lua54-5.4.8_1: registered 'lua' alternatives group
Creating 'lua' alternatives group symlink: lua -> /usr/bin/lua5.4
Creating 'lua' alternatives group symlink: luac -> /usr/bin/luac5.4
Creating 'lua' alternatives group symlink: lua.1 -> /usr/share/man/man1/lua5.4.1
Creating 'lua' alternatives group symlink: luac.1 -> /usr/share/man/man1/luac5.4.1
libgudev-238_1: unpacking ...
libwacom-2.19.1_1: unpacking ...
libinput-1.31.3_1: unpacking ...
xf86-input-libinput-1.5.0_1: unpacking ...
xf86-input-wacom-1.2.4_1: unpacking ...
xf86-input-vmmouse-13.2.0_1: unpacking ...
xorg-input-drivers-7.6_4: unpacking ...
xf86-video-fbdev-0.5.1_1: unpacking ...
xf86-video-dummy-0.4.1_1: unpacking ...
xf86-video-vesa-2.6.0_1: unpacking ...
xf86-video-ati-22.0.0_1: unpacking ...
xf86-video-amdgpu-23.0.0_1: unpacking ...
xf86-video-nouveau-1.0.18_1: unpacking ...
xorg-video-drivers-7.6_24: unpacking ...
xorg-7.6_6: unpacking ...
xorg-server-common-21.1.24_1: unpacking ...
libXfont2-2.0.7_2: unpacking ...
libxcvt-0.1.3_1: unpacking ...
xorg-server-21.1.24_1: unpacking ...
libICE-1.1.2_1: unpacking ...
iceauth-1.0.11_1: unpacking ...
libSM-1.2.6_1: unpacking ...
libXt-1.3.1_2: unpacking ...
libXmu-1.3.1_1: unpacking ...
oclock-1.0.6_1: unpacking ...
sessreg-1.1.4_1: unpacking ...
setxkbmap-1.3.5_1: unpacking ...
smproxy-1.0.8_1: unpacking ...
transset-1.0.4_1: unpacking ...
libXft-2.3.9_2: unpacking ...
x11perf-1.6.1_1: unpackinBuilding /usr/share/fonts/X11/100dpi/fonts.dir...
Building /usr/share/fonts/X11/100dpi/fonts.scale...
Updating fontconfig's cache...
Building /usr/share/fonts/X11/75dpi/fonts.dir...
Building /usr/share/fonts/X11/75dpi/fonts.scale...
Updating fontconfig's cache...
Building /usr/share/fonts/X11/100dpi/fonts.dir...
Building /usr/share/fonts/X11/100dpi/fonts.scale...
Updating fontconfig's cache...
Building /usr/share/fonts/X11/75dpi/fonts.dir...
Building /usr/share/fonts/X11/75dpi/fonts.scale...
Updating fontconfig's cache...
Building /usr/share/fonts/X11/Type1/fonts.dir...
Building /usr/share/fonts/X11/Type1/fonts.scale...
Updating fontconfig's cache...
Building /usr/share/fonts/X11/100dpi/fonts.dir...
Building /usr/share/fonts/X11/100dpi/fonts.scale...
Updating fontconfig's cache...
Building /usr/share/fonts/X11/75dpi/fonts.dir...
Building /usr/share/fonts/X11/75dpi/fonts.scale...
Updating fontconfig's cache...
Building /usr/share/fonts/X11/100dpi/fonts.dir...
Building /usr/share/fonts/X11/100dpi/fonts.scale...
Updating fontconfig's cache...
Building /usr/share/fonts/X11/75dpi/fonts.dir...
Building /usr/share/fonts/X11/75dpi/fonts.scale...
Updating fontconfig's cache...
Building /usr/share/fonts/X11/TTF/fonts.dir...
Building /usr/share/fonts/X11/TTF/fonts.scale...
Updating fontconfig's cache...
Building /usr/share/fonts/X11/Type1/fonts.dir...
Building /usr/share/fonts/X11/Type1/fonts.scale...
Updating fontconfig's cache...
Building /usr/share/fonts/X11/100dpi/fonts.dir...
Building /usr/share/fonts/X11/100dpi/fonts.scale...
Updating fontconfig's cache...
Building /usr/share/fonts/X11/75dpi/fonts.dir...
Building /usr/share/fonts/X11/75dpi/fonts.scale...
Updating fontconfig's cache...
Building /usr/share/fonts/X11/Type1/fonts.dir...
Building /usr/share/fonts/X11/Type1/fonts.scale...
Updating fontconfig's cache...
Building /usr/share/fonts/X11/misc/fonts.dir...
Building /usr/share/fonts/X11/misc/fonts.scale...
Updating fontconfig's cache...
Building /usr/share/fonts/X11/misc/fonts.dir...
Building /usr/share/fonts/X11/misc/fonts.scale...
Updating fontconfig's cache...
g ...
xauth-1.1.5_1: unpacking ...
xcb-util-0.4.1_1: unpacking ...
xbacklight-1.2.4_1: unpacking ...
libXpm-3.5.19_1: unpacking ...
libXaw-1.0.16_1: unpacking ...
xcalc-1.1.3_1: unpacking ...
xclipboard-1.1.6_1: unpacking ...
xclock-1.2.1_1: unpacking ...
xcmsdb-1.0.7_1: unpacking ...
xconsole-1.1.1_1: unpacking ...
xcursorgen-1.0.9_1: unpacking ...
xdpyinfo-1.4.0_1: unpacking ...
xev-1.2.6_1: unpacking ...
xeyes-1.3.1_1: unpacking ...
xfontsel-1.1.2_1: unpacking ...
xgamma-1.0.8_1: unpacking ...
xhost-1.0.10_1: unpacking ...
xinput-1.6.4_1: unpacking ...
xkbevd-1.1.6_1: unpacking ...
xkbutils-1.0.7_1: unpacking ...
xkill-1.0.7_1: unpacking ...
xload-1.2.2_1: unpacking ...
xlogo-1.0.7_1: unpacking ...
xlsatoms-1.1.5_1: unpacking ...
xlsclients-1.1.6_1: unpacking ...
xmessage-1.0.7_1: unpacking ...
xmodmap-1.0.12_1: unpacking ...
xpr-1.2.1_1: unpacking ...
xprop-1.2.8_1: unpacking ...
libmcpp-2.7.2_8: unpacking ...
mcpp-2.7.2_8: unpacking ...
xrdb-1.2.3_1: unpacking ...
xrefresh-1.1.1_1: unpacking ...
xset-1.2.6_1: unpacking ...
xsetroot-1.1.4_1: unpacking ...
libXv-1.0.13_2: unpacking ...
xvinfo-1.1.6_1: unpacking ...
xwd-1.0.10_1: unpacking ...
xwininfo-1.1.7_1: unpacking ...
xwud-1.0.8_1: unpacking ...
xorg-apps-7.6_9: unpacking ...
xrandr-1.5.4_1: unpacking ...
xterm-411_1: unpacking ...
perl-LWP-MediaTypes-6.04_2: unpacking ...
perl-Encode-Locale-1.05_3: unpacking ...
perl-Clone-0.46_4: unpacking ...
perl-HTTP-Date-6.05_2: unpacking ...
perl-IO-HTML-1.004_1: unpacking ...
perl-Try-Tiny-0.32_1: unpacking ...
perl-HTTP-Message-6.45_1: unpacking ...
perl-File-Listing-6.16_1: unpacking ...
perl-HTTP-Negotiate-6.01_6: unpacking ...
perl-HTTP-Daemon-6.16_1: unpacking ...
perl-Net-HTTP-6.24_1: unpacking ...
perl-HTTP-Cookies-6.10_1: unpacking ...
perl-WWW-RobotRules-6.02_6: unpacking ...
perl-HTML-Tagset-3.20_8: unpacking ...
perl-HTML-Parser-3.76_5: unpacking ...
perl-LWP-6.80_1: unpacking ...
glu-9.0.3_1: unpacking ...
xscreensaver-6.15_1: unpacking ...
twm-1.0.13.1_1: unpacking ...
xinit-1.4.4_1: unpacking ...
xsel-1.2.1_1: unpacking ...
xclip-0.13_2: unpacking ...
xcolor-0.5.1_2: unpacking ...

[*] Configuring unpacked packages
font-alias-1.0.6_1: configuring ...
font-alias-1.0.6_1: installed successfully.
libfontenc-1.1.9_1: configuring ...
libfontenc-1.1.9_1: installed successfully.
mkfontscale-1.2.4_1: configuring ...
mkfontscale-1.2.4_1: installed successfully.
font-util-1.4.2_1: configuring ...
font-util-1.4.2_1: installed successfully.
encodings-1.1.0_1: configuring ...
encodings-1.1.0_1: installed successfully.
font-adobe-100dpi-1.0.4_1: configuring ...
font-adobe-100dpi-1.0.4_1: installed successfully.
font-adobe-75dpi-1.0.4_1: configuring ...
font-adobe-75dpi-1.0.4_1: installed successfully.
font-adobe-utopia-100dpi-1.0.5_1: configuring ...
font-adobe-utopia-100dpi-1.0.5_1: installed successfully.
font-adobe-utopia-75dpi-1.0.5_1: configuring ...
font-adobe-utopia-75dpi-1.0.5_1: installed successfully.
font-adobe-utopia-type1-1.0.5_1: configuring ...
font-adobe-utopia-type1-1.0.5_1: installed successfully.
font-bh-100dpi-1.0.4_1: configuring ...
font-bh-100dpi-1.0.4_1: installed successfully.
font-bh-75dpi-1.0.4_1: configuring ...
font-bh-75dpi-1.0.4_1: installed successfully.
font-bh-lucidatypewriter-100dpi-1.0.4_1: configuring ...
font-bh-lucidatypewriter-100dpi-1.0.4_1: installed successfully.
font-bh-lucidatypewriter-75dpi-1.0.4_1: configuring ...
font-bh-lucidatypewriter-75dpi-1.0.4_1: installed successfully.
font-bh-ttf-1.0.4_1: configuring ...
font-bh-ttf-1.0.4_1: installed successfully.
font-bh-type1-1.0.4_1: configuring ...
font-bh-type1-1.0.4_1: installed successfully.
font-bitstream-100dpi-1.0.4_1: configuring ...
font-bitstream-100dpi-1.0.4_1: installed successfully.
font-bitstream-75dpi-1.0.4_1: configuring ...
font-bitstream-75dpi-1.0.4_1: installed successfully.
font-bitstream-type1-1.0.4_1: configuring ...
font-bitstream-type1-1.0.4_1: installed successfully.
font-cursor-misc-1.0.4_1: configuring ...
font-cursor-misc-1.0.4_1: installed successfully.
font-daewoo-misc-1.0.4_1: configuring ...
font-Building /usr/share/fonts/X11/misc/fonts.dir...
Building /usr/share/fonts/X11/misc/fonts.scale...
Updating fontconfig's cache...
Building /usr/share/fonts/X11/Type1/fonts.dir...
Building /usr/share/fonts/X11/Type1/fonts.scale...
Updating fontconfig's cache...
Building /usr/share/fonts/X11/misc/fonts.dir...
Building /usr/share/fonts/X11/misc/fonts.scale...
Updating fontconfig's cache...
Building /usr/share/fonts/X11/misc/fonts.dir...
Building /usr/share/fonts/X11/misc/fonts.scale...
Updating fontconfig's cache...
Building /usr/share/fonts/X11/misc/fonts.dir...
Building /usr/share/fonts/X11/misc/fonts.scale...
Updating fontconfig's cache...
Building /usr/share/fonts/X11/misc/fonts.dir...
Building /usr/share/fonts/X11/misc/fonts.scale...
Updating fontconfig's cache...
Building /usr/share/fonts/TTF/fonts.dir...
Building /usr/share/fonts/TTF/fonts.scale...
Updating fontconfig's cache...
Updating udev hardware database ...
daewoo-misc-1.0.4_1: installed successfully.
font-dec-misc-1.0.4_1: configuring ...
font-dec-misc-1.0.4_1: installed successfully.
font-ibm-type1-1.0.4_1: configuring ...
font-ibm-type1-1.0.4_1: installed successfully.
font-isas-misc-1.0.4_1: configuring ...
font-isas-misc-1.0.4_1: installed successfully.
font-jis-misc-1.0.4_1: configuring ...
font-jis-misc-1.0.4_1: installed successfully.
font-misc-misc-1.1.3_1: configuring ...
font-misc-misc-1.1.3_1: installed successfully.
font-mutt-misc-1.0.4_1: configuring ...
font-mutt-misc-1.0.4_1: installed successfully.
dejavu-fonts-ttf-2.37_3: configuring ...
dejavu-fonts-ttf-2.37_3: installed successfully.
xorg-fonts-7.6_5: configuring ...
xorg-fonts-7.6_5: installed successfully.
mtdev-1.1.7_1: configuring ...
mtdev-1.1.7_1: installed successfully.
libevdev-1.13.6_1: configuring ...
libevdev-1.13.6_1: installed successfully.
xf86-input-evdev-2.11.0_1: configuring ...
xf86-input-evdev-2.11.0_1: installed successfully.
xf86-input-synaptics-1.10.0_1: configuring ...
xf86-input-synaptics-1.10.0_1: installed successfully.
lua54-5.4.8_1: configuring ...
lua54-5.4.8_1: installed successfully.
libgudev-238_1: configuring ...
libgudev-238_1: installed successfully.
libwacom-2.19.1_1: configuring ...
libwacom-2.19.1_1: installed successfully.
libinput-1.31.3_1: configuring ...
libinput-1.31.3_1: installed successfully.
xf86-input-libinput-1.5.0_1: configuring ...
xf86-input-libinput-1.5.0_1: installed successfully.
xf86-input-wacom-1.2.4_1: configuring ...
xf86-input-wacom-1.2.4_1: installed successfully.
xf86-input-vmmouse-13.2.0_1: configuring ...
xf86-input-vmmouse-13.2.0_1: installed successfully.
xorg-input-drivers-7.6_4: configuring ...
xorg-input-drivers-7.6_4: installed successfully.
xf86-video-fbdev-0.5.1_1: configuring ...
xf86-video-fbdev-0.5.1_1: installed successfully.
xf86-video-dummy-0.4.1_1: configuring ...
xf86-video-dummy-0.4.1_1: installed successfully.
xf86-video-vesa-2.6.0_1: configuring ...
xf86-video-vesa-2.6.0_1: installed successfully.
xf86-video-ati-22.0.0_1: configuring ...
xf86-video-ati-22.0.0_1: installed successfully.
xf86-video-amdgpu-23.0.0_1: configuring ...
xf86-video-amdgpu-23.0.0_1: installed successfully.
xf86-video-nouveau-1.0.18_1: configuring ...
xf86-video-nouveau-1.0.18_1: installed successfully.
xorg-video-drivers-7.6_24: configuring ...
xorg-video-drivers-7.6_24: installed successfully.
xorg-7.6_6: configuring ...
xorg-7.6_6: installed successfully.
xorg-server-common-21.1.24_1: configuring ...
xorg-server-common-21.1.24_1: installed successfully.
libXfont2-2.0.7_2: configuring ...
libXfont2-2.0.7_2: installed successfully.
libxcvt-0.1.3_1: configuring ...
libxcvt-0.1.3_1: installed successfully.
xorg-server-21.1.24_1: configuring ...
xorg-server-21.1.24_1: installed successfully.
libICE-1.1.2_1: configuring ...
libICE-1.1.2_1: installed successfully.
iceauth-1.0.11_1: configuring ...
iceauth-1.0.11_1: installed successfully.
libSM-1.2.6_1: configuring ...
libSM-1.2.6_1: installed successfully.
libXt-1.3.1_2: configuring ...
libXt-1.3.1_2: installed successfully.
libXmu-1.3.1_1: configuring ...
libXmu-1.3.1_1: installed successfully.
oclock-1.0.6_1: configuring ...
oclock-1.0.6_1: installed successfully.
sessreg-1.1.4_1: configuring ...
sessreg-1.1.4_1: installed successfully.
setxkbmap-1.3.5_1: configuring ...
setxkbmap-1.3.5_1: installed successfully.
smproxy-1.0.8_1: configuring ...
smproxy-1.0.8_1: installed successfully.
transset-1.0.4_1: configuring ...
transset-1.0.4_1: installed successfully.
libXft-2.3.9_2: configuring ...
libXft-2.3.9_2: installed successfully.
x11perf-1.6.1_1: configuring ...
x11perf-1.6.1_1: installed successfully.
xauth-1.1.5_1: configuring ...
xauth-1.1.5_1: installed successfully.
xcb-util-0.4.1_1: configuring ...
xcb-util-0.4.1_1: installed successfully.
xbacklight-1.2.4_1: configuring ...
xbacklight-1.2.4_1: installed successfully.
libXpm-3.5.19_1: configuring ...
libXpm-3.5.19_1: installed successfully.
libXaw-1.0.16_1: configuring ...
libXaw-1.0.16_1: installed successfully.
xcalc-1.1.3_1: configuring ...
xcalc-1.1.3_1: installed successfully.
xclipboard-1.1.6_1: configuring ...
xclipboard-1.1.6_1: installed successfully.
xclock-1.2.1_1: configuring ...
xclock-1.2.1_1: installed successfully.
xcmsdb-1.0.7_1: configuring ...
xcmsdb-1.0.7_1: installed successfully.
xconsole-1.1.1_1: configuring ...
xconsole-1.1.1_1: installed successfully.
xcursorgen-1.0.9_1: configuring ...
xcursorgen-1.0.9_1: installed successfully.
xdpyinfo-1.4.0_1: configuring ...
xdpyinfo-1.4.0_1: installed successfully.
xev-1.2.6_1: configuring ...
xev-1.2.6_1: installed successfully.
xeyes-1.3.1_1: configuring ...
xeyes-1.3.1_1: installed successfully.
xfontsel-1.1.2_1: configuring ...
xfontsel-1.1.2_1: installed successfully.
xgamma-1.0.8_1: configuring ...
xgamma-1.0.8_1: installed successfully.
xhost-1.0.10_1: configuring ...
xhost-1.0.10_1: installed successfully.
xinput-1.6.4_1: configuring ...
xinput-1.6.4_1: installed successfully.
xkbevd-1.1.6_1: configuring ...
xkbevd-1.1.6_1: installed successfully.
xkbutils-1.0.7_1: configuring ...
xkbutils-1.0.7_1: installed successfully.
xkill-1.0.7_1: configuring ...
xkill-1.0.7_1: installed successfully.
xload-1.2.2_1: configuring ...
xload-1.2.2_1: installed successfully.
xlogo-1.0.7_1: configuring ...
xlogo-1.0.7_1: installed successfully.
xlsatoms-1.1.5_1: configuring ...
xlsatoms-1.1.5_1: installed successfully.
xlsclients-1.1.6_1: configuring ...
xlsclients-1.1.6_1: installed successfully.
xmessage-1.0.7_1: configuring ...
xmessage-1.0.7_1: installed successfully.
xmodmap-1.0.12_1: configuring ...
xmodmap-1.0.12_1: installed successfully.
xpr-1.2.1_1: configuring ...
xpr-1.2.1_1: installed successfully.
xprop-1.2.8_1: configuring ...
xprop-1.2.8_1: installed successfully.
libmcpp-2.7.2_8: configuring ...
libmcpp-2.7.2_8: installed successfully.
mcpp-2.7.2_8: configuring ...
mcpp-2.7.2_8: installed successfully.
xrdb-1.2.3_1: configuring ...
xrdb-1.2.3_1: installed successfully.
xrefresh-1.1.1_1: configuring ...
xrefresh-1.1.1_1: installed successfully.
xset-1.2.6_1: configuring ...
xset-1.2.6_1: installed successfully.
xsetroot-1.1.4_1: configuring ...
xsetroot-1.1.4_1: installed successfully.
libXv-1.0.13_2: configuring ...
libXv-1.0.13_2: installed successfully.
xvinfo-1.1.6_1: configuring ...
xvinfo-1.1.6_1: installed successfully.
xwd-1.0.10_1: configuring ...
xwd-1.0.10_1: installed successfully.
xwininfo-1.1.7_1: configuring ...
xwininfo-1.1.7_1: installed successfully.
xwud-1.0.8_1: configuring ...
xwud-1.0.8_1: installed successfully.
xorg-apps-7.6_9: configuring ...
xorg-apps-7.6_9: installed successfully.
xrandr-1.5.4_1: configuring ...
xrandr-1.5.4_1: installed successfully.
xterm-411_1: configuring ...
xterm-411_1: installed successfully.
perl-LWP-MediaTypes-6.04_2: configuring ...
perl-LWP-MediaTypes-6.04_2: installed successfully.
perl-Encode-Locale-1.05_3: configuring ...
perl-Encode-Locale-1.05_3: installed successfully.
perl-Clone-0.46_4: configuring ...
perl-Clone-0.46_4: installed successfully.
perl-HTTP-Date-6.05_2: configuring ...
perl-HTTP-Date-6.05_2: installed successfully.
perl-IO-HTML-1.004_1: configuring ...
perl-IO-HTML-1.004_1: installed successfully.
perl-Try-Tiny-0.32_1: configuring ...
perl-Try-Tiny-0.32_1: installed successfully.
perl-HTTP-Message-6.45_1: configuring ...
perl-HTTP-Message-6.45_1: installed successfully.
perl-File-Listing-6.16_1: configuring ...
perl-File-Listing-6.16_1: installed successfully.
perl-HTTP-Negotiate-6.01_6: configuring ...
perl-HTTP-Negotiate-6.01_6: installed successfully.
perl-HTTP-Daemon-6.16_1: configuring ...
perl-HTTP-Daemon-6.16_1: installed successfully.
perl-Net-HTTP-6.24_1: configuring ...
perl-Net-HTTP-6.24_1: installed successfully.
perl-HTTP-Cookies-6.10_1: configuring ...
perl-HTTP-Cookies-6.10_1: installed successfully.
perl-WWW-RobotRules-6.02_6: configuring ...
perl-WWW-RobotRules-6.02_6: installed successfully.
perl-HTML-Tagset-3.20_8: configuring ...
perl-HTML-Tagset-3.20_8: installed successfully.
perl-HTML-Parser-3.76_5: configuring ...
perl-HTML-Parser-3.76_5: installed successfully.
perl-LWP-6.80_1: configuring ...
perl-LWP-6.80_1: installed successfully.
glu-9.0.3_1: configuring ...
glu-9.0.3_1: installed successfully.
xscreensaver-6.15_1: configuring ...
xscreensaver-6.15_1: installed successfully.
twm-1.0.13.1_1: configuring ...
twm-1.0.13.1_1: installed successfully.
xinit-1.4.4_1: configuring ...
xinit-1.4.4_1: installed successfully.
xsel-1.2.1_1: configuring ...
xsel-1.2.1_1: installed successfully.
xclip-0.13_2: configuring ...
xclip-0.13_2: installed successfully.
xcolor-0.5.1_2: configuring ...
xcolor-0.5.1_2: installed successfully.

131 downloaded, 131 installed, 0 updated, 131 configured, 0 removed, 0 on hold.
========================================================================================================
[4.2/15] Installing X11 apps  ...
========================================================================================================
ERROR: Package 'zathura-pdf-mup' not found in repository pool.
[*] Updating repository `https://repo-de.voidlinux.org/current/x86_64-repodata' ...
========================================================================================================
[5/15] Creating X11 environment configuration (.xinitrc)...
========================================================================================================
